,Open,High,Low,Close,Volume
1/16/2019 0:00,0.5355,0.5355,0.4668,0.4895,1343660.31
1/17/2019 0:00,0.4895,0.4953,0.4639,0.4756,1411725.35
1/18/2019 0:00,0.4762,0.5112,0.4601,0.4894,984417.59
1/19/2019 0:00,0.4908,0.5,0.4673,0.4831,735443.2
1/20/2019 0:00,0.4803,0.492,0.459,0.4834,677499.56
1/21/2019 0:00,0.4839,0.5198,0.465,0.4972,897787.84
1/22/2019 0:00,0.496,0.5656,0.4956,0.5344,1784953.5
1/23/2019 0:00,0.5342,0.5475,0.4901,0.5046,1827069.39
1/24/2019 0:00,0.5046,0.5065,0.4518,0.5017,1529219.53
1/25/2019 0:00,0.5031,0.5157,0.4712,0.4739,1112869.08
1/26/2019 0:00,0.4736,0.4884,0.4624,0.4661,865653.89
1/27/2019 0:00,0.4661,0.4666,0.4229,0.4303,2278919.65
1/28/2019 0:00,0.431,0.4313,0.3504,0.4116,4006211.85
1/29/2019 0:00,0.4104,0.4638,0.4061,0.4505,5190825.37
1/30/2019 0:00,0.4505,0.4514,0.413,0.4249,2092369.59
1/31/2019 0:00,0.425,0.441,0.3811,0.3832,2029033.61
2/1/2019 0:00,0.385,0.43,0.38,0.4147,1899232.56
2/2/2019 0:00,0.4163,0.433,0.3985,0.4136,821033.48
2/3/2019 0:00,0.417,0.417,0.386,0.3963,1065170.56
2/4/2019 0:00,0.3959,0.4125,0.3867,0.3943,1449384.96
2/5/2019 0:00,0.3926,0.4327,0.3902,0.4224,1299107.03
2/6/2019 0:00,0.4224,0.4236,0.3915,0.4,1368546.21
2/7/2019 0:00,0.4,0.4065,0.3913,0.4021,498842.36
2/8/2019 0:00,0.4021,0.45,0.3985,0.4383,2015969.58
2/9/2019 0:00,0.4371,0.4844,0.431,0.4612,1384815.95
2/10/2019 0:00,0.4648,0.48,0.4325,0.4499,2000850.55
2/11/2019 0:00,0.4495,0.4515,0.42,0.4289,1580197.39
2/12/2019 0:00,0.4277,0.4374,0.4176,0.4277,941303.58
2/13/2019 0:00,0.4277,0.4454,0.4183,0.4411,935377.38
2/14/2019 0:00,0.4422,0.4442,0.4203,0.4259,942053.44
2/15/2019 0:00,0.4235,0.45,0.4222,0.4342,612251.8
2/16/2019 0:00,0.4366,0.4464,0.4251,0.4398,465491.58
2/17/2019 0:00,0.4386,0.4797,0.4317,0.4604,1616509.72
2/18/2019 0:00,0.4615,0.4823,0.4534,0.471,1430254.78
2/19/2019 0:00,0.471,0.4789,0.452,0.4598,1548002.44
2/20/2019 0:00,0.4548,0.4748,0.4432,0.4618,1358786.28
2/21/2019 0:00,0.4617,0.475,0.438,0.4438,1443214.98
2/22/2019 0:00,0.4438,0.465,0.44,0.4479,700523.77
2/23/2019 0:00,0.448,0.464,0.4437,0.4585,925529.64
2/24/2019 0:00,0.4592,0.4644,0.3975,0.405,2154193.25
2/25/2019 0:00,0.4047,0.4749,0.4007,0.4723,1785356.21
2/26/2019 0:00,0.4722,0.474,0.43,0.4341,1775526.67
2/27/2019 0:00,0.4335,0.4412,0.4145,0.4274,854212.45
2/28/2019 0:00,0.4274,0.45,0.4166,0.4244,1059968.13
3/1/2019 0:00,0.4236,0.4386,0.4203,0.4285,560690.81
3/2/2019 0:00,0.4286,0.4372,0.4173,0.4221,331570
3/3/2019 0:00,0.4232,0.4292,0.4177,0.4205,225429.95
3/4/2019 0:00,0.4203,0.4255,0.3929,0.4036,946382.19
3/5/2019 0:00,0.4029,0.4343,0.4023,0.4291,1686179.9
3/6/2019 0:00,0.4291,0.4385,0.4186,0.4296,716328.15
3/7/2019 0:00,0.4296,0.4766,0.4256,0.4521,1498764.03
3/8/2019 0:00,0.4521,0.5107,0.4519,0.4611,3248280.83
3/9/2019 0:00,0.4611,0.4824,0.4524,0.4746,1381686.43
3/10/2019 0:00,0.4742,0.546,0.4681,0.4981,2887991.86
3/11/2019 0:00,0.4982,0.5181,0.4382,0.4629,2633054.21
3/12/2019 0:00,0.4641,0.5079,0.4503,0.4876,2105182.67
3/13/2019 0:00,0.4872,0.488,0.4671,0.4805,1263356.68
3/14/2019 0:00,0.4814,0.4994,0.4722,0.4871,1720792.4
3/15/2019 0:00,0.4858,0.496,0.4831,0.4858,577893.06
3/16/2019 0:00,0.4866,0.496,0.4681,0.4819,1768514.51
3/17/2019 0:00,0.4805,0.4887,0.4702,0.4785,1352126.73
3/18/2019 0:00,0.4789,0.4833,0.467,0.4757,891826.09
3/19/2019 0:00,0.476,0.48,0.4648,0.477,530734.59
3/20/2019 0:00,0.4796,0.4899,0.4737,0.4807,696146.28
3/21/2019 0:00,0.4818,0.4842,0.4342,0.4548,1043991.8
3/22/2019 0:00,0.4551,0.4655,0.447,0.4646,863577.33
3/23/2019 0:00,0.4627,0.4644,0.4545,0.4608,406749.66
3/24/2019 0:00,0.4606,0.4621,0.4485,0.4531,634173.75
3/25/2019 0:00,0.4539,0.4949,0.441,0.4734,2441517.99
3/26/2019 0:00,0.4729,0.485,0.448,0.4605,1129722.2
3/27/2019 0:00,0.4603,0.4997,0.4556,0.4946,1352736.34
3/28/2019 0:00,0.4967,0.5196,0.4846,0.4992,1443876.83
3/29/2019 0:00,0.4984,0.5042,0.4887,0.5008,877803.92
3/30/2019 0:00,0.5008,0.5034,0.4858,0.494,675007.13
3/31/2019 0:00,0.4938,0.541,0.4868,0.5084,2047013.33
4/1/2019 0:00,0.5084,0.563,0.5007,0.554,2288623.96
4/2/2019 0:00,0.5533,0.6,0.5326,0.5811,4081948.84
4/3/2019 0:00,0.5811,0.6073,0.517,0.562,4435492.21
4/4/2019 0:00,0.5588,0.5839,0.5195,0.5396,2088035.72
4/5/2019 0:00,0.5409,0.5799,0.539,0.5729,1039348.68
4/6/2019 0:00,0.5735,0.59,0.5557,0.5691,1176149.98
4/7/2019 0:00,0.5677,0.5918,0.5655,0.5773,956649.36
4/8/2019 0:00,0.5776,0.5912,0.537,0.5634,1559203.75
4/9/2019 0:00,0.5617,0.5637,0.517,0.53,1284451.25
4/10/2019 0:00,0.53,0.5452,0.51,0.5197,1259717.42
4/11/2019 0:00,0.5198,0.521,0.453,0.4821,1891750.27
4/12/2019 0:00,0.4821,0.5134,0.4531,0.492,1247794.83
4/13/2019 0:00,0.4932,0.5399,0.4913,0.5358,984745.93
4/14/2019 0:00,0.5366,0.5449,0.5073,0.5225,825009.09
4/15/2019 0:00,0.5259,0.5268,0.48,0.4883,1617780.69
4/16/2019 0:00,0.4884,0.5176,0.4883,0.4985,752244.29
4/17/2019 0:00,0.4998,0.5046,0.488,0.4998,625939.62
4/18/2019 0:00,0.4992,0.5226,0.4974,0.5193,747995.99
4/19/2019 0:00,0.5187,0.539,0.5083,0.5095,857084.8
4/20/2019 0:00,0.5105,0.5287,0.505,0.5118,547954.68
4/21/2019 0:00,0.5117,0.5139,0.4752,0.4963,755636.95
4/22/2019 0:00,0.4963,0.517,0.4837,0.4957,669329.7
4/23/2019 0:00,0.492,0.504,0.4756,0.4756,798688.99
4/24/2019 0:00,0.4756,0.48,0.44,0.475,1341167.65
4/25/2019 0:00,0.4745,0.4997,0.435,0.4503,1289948.57
4/26/2019 0:00,0.4499,0.4699,0.4264,0.4416,881943.93
4/27/2019 0:00,0.4437,0.4698,0.4357,0.443,330467.67
4/28/2019 0:00,0.4448,0.46,0.4403,0.451,429353.92
4/29/2019 0:00,0.451,0.4546,0.424,0.4338,394944.33
4/30/2019 0:00,0.4334,0.4771,0.432,0.4727,610148.8
5/1/2019 0:00,0.475,0.4876,0.4638,0.473,397476.93
5/2/2019 0:00,0.4745,0.4757,0.46,0.463,228270.4
5/3/2019 0:00,0.4643,0.5223,0.4607,0.511,1017233.78
5/4/2019 0:00,0.5118,0.5151,0.4783,0.4964,640984.06
5/5/2019 0:00,0.4964,0.5238,0.4902,0.5058,641774.32
5/6/2019 0:00,0.5058,0.5882,0.4901,0.5745,1593771.02
5/7/2019 0:00,0.5798,0.6186,0.5409,0.5435,2267674.3
5/8/2019 0:00,0.5433,0.6157,0.5212,0.594,1255624.91
5/9/2019 0:00,0.594,0.704,0.5873,0.6403,3548028.13
5/10/2019 0:00,0.6402,0.7233,0.6374,0.6703,2987660.69
5/11/2019 0:00,0.6731,0.7484,0.6517,0.6752,3014329.89
5/12/2019 0:00,0.679,0.6999,0.6285,0.6586,1760800.08
5/13/2019 0:00,0.6607,0.6872,0.6336,0.6474,1281864.7
5/14/2019 0:00,0.6474,0.9565,0.6332,0.828,7911014.07
5/15/2019 0:00,0.8251,0.889,0.7772,0.8427,3798325.64
5/16/2019 0:00,0.8427,0.9389,0.7551,0.928,4555532.19
5/17/2019 0:00,0.9264,0.9869,0.81,0.8911,5725645.69
5/18/2019 0:00,0.895,0.9592,0.8457,0.9359,2389369.04
5/19/2019 0:00,0.936,1.05,0.9279,0.9934,4785605.62
5/20/2019 0:00,0.9927,1.143,0.946,1.117,2936467.3
5/21/2019 0:00,1.1146,1.25,1.06,1.1798,5046994.2
5/22/2019 0:00,1.1855,1.474,1.1301,1.2205,14821357.09
5/23/2019 0:00,1.2205,1.3655,1.1418,1.3392,6874618.39
5/24/2019 0:00,1.3393,1.4347,1.2216,1.3314,5097940.05
5/25/2019 0:00,1.3314,1.3376,1.0961,1.113,6245467.5
5/26/2019 0:00,1.113,1.1824,1.034,1.0828,4854605.26
5/27/2019 0:00,1.0802,1.275,1.0802,1.2119,7339191.28
5/28/2019 0:00,1.2173,1.35,1.1441,1.2788,5580233.08
5/29/2019 0:00,1.2787,1.2844,1.1426,1.1725,4654393.37
5/30/2019 0:00,1.1722,1.2257,0.9009,1.0023,10326672.93
5/31/2019 0:00,1.0018,1.0444,0.933,1.0189,7748553.79
6/1/2019 0:00,1.0236,1.0598,0.9511,0.956,3797903.78
6/2/2019 0:00,0.9536,1.0554,0.9323,1.0155,3449110.82
6/3/2019 0:00,1.0155,1.02,0.8853,0.9,3308495.33
6/4/2019 0:00,0.8985,0.9299,0.8368,0.885,4577420.9
6/5/2019 0:00,0.885,1.0991,0.8838,1.096,10134603.36
6/6/2019 0:00,1.0959,1.27,1.0556,1.1098,11128235.33
6/7/2019 0:00,1.1099,1.2589,1.071,1.1753,6340116.8
6/8/2019 0:00,1.1747,1.1991,1.1165,1.1326,2537076.42
6/9/2019 0:00,1.1376,1.1486,1.0085,1.0595,3544981.93
6/10/2019 0:00,1.0595,1.2104,1.0301,1.206,3560999.95
6/11/2019 0:00,1.2043,1.207,1.0876,1.1243,3072196.39
6/12/2019 0:00,1.1241,1.1643,1.0875,1.1448,2552375.74
6/13/2019 0:00,1.1448,1.97,1.1126,1.868,34048038.46
6/14/2019 0:00,1.868,1.8936,1.49,1.6395,33219623.47
6/15/2019 0:00,1.6364,1.8065,1.6022,1.7179,10734639.21
6/16/2019 0:00,1.718,1.7924,1.6,1.6621,8287172.15
6/17/2019 0:00,1.6651,2.0776,1.6525,1.9631,17066477.53
6/18/2019 0:00,1.9615,2.0185,1.76,1.8194,13903673.74
6/19/2019 0:00,1.8158,1.9016,1.7869,1.8353,4857793.43
6/20/2019 0:00,1.8352,1.8865,1.6859,1.7656,5377028
6/21/2019 0:00,1.7671,1.79,1.61,1.6883,6940438.91
6/22/2019 0:00,1.6895,1.947,1.6827,1.8428,8447723.54
6/23/2019 0:00,1.8429,1.91,1.7702,1.8169,4603366.09
6/24/2019 0:00,1.8169,1.8884,1.79,1.8689,2384487.82
6/25/2019 0:00,1.8689,2.4273,1.8613,2.1928,22004618.38
6/26/2019 0:00,2.1931,2.5,2.0231,2.28,16314862.03
6/27/2019 0:00,2.2821,2.555,2.1123,2.2879,14032427.25
6/28/2019 0:00,2.2912,3.0981,2.215,3.0392,16193947.24
6/29/2019 0:00,3.0391,4.5826,2.9499,3.7125,55522584.24
6/30/2019 0:00,3.7051,4.22,3.23,3.3885,25198062.62
7/1/2019 0:00,3.3885,3.862,2.9266,3.6369,25318756.74
7/2/2019 0:00,3.6476,3.9914,3.201,3.7453,26694285.35
7/3/2019 0:00,3.7441,3.8857,3.4769,3.49,11110619.17
7/4/2019 0:00,3.4854,3.61,3.204,3.453,9880436.75
7/5/2019 0:00,3.4555,3.75,3.441,3.64,10535825.86
7/6/2019 0:00,3.64,3.6611,3.4384,3.4603,4979198.01
7/7/2019 0:00,3.465,3.5038,3.25,3.275,5553670.72
7/8/2019 0:00,3.275,3.5731,3.25,3.3362,5283821.17
7/9/2019 0:00,3.3334,3.3741,2.9401,3.067,9165611.15
7/10/2019 0:00,3.067,3.2568,2.8578,3.1166,9566090.98
7/11/2019 0:00,3.1166,3.1555,2.71,2.7853,7302194.48
7/12/2019 0:00,2.787,3.3282,2.6,3.166,11732670.96
7/13/2019 0:00,3.166,3.2953,3.04,3.1652,9069996.44
7/14/2019 0:00,3.1689,3.2413,2.7611,2.7856,8270840.72
7/15/2019 0:00,2.7792,2.8498,2.5801,2.6913,7328956.43
7/16/2019 0:00,2.6911,2.7749,2.1521,2.1948,8049014.93
7/17/2019 0:00,2.1947,2.6,2.0531,2.398,13229065.69
7/18/2019 0:00,2.3951,2.8094,2.3542,2.67,13388877.99
7/19/2019 0:00,2.67,2.749,2.491,2.6046,5548232.12
7/20/2019 0:00,2.602,2.7314,2.5751,2.637,4607848.26
7/21/2019 0:00,2.6369,2.665,2.46,2.5319,3349432.24
7/22/2019 0:00,2.5319,2.5857,2.3732,2.4078,3419071.85
7/23/2019 0:00,2.4073,2.52,2.2489,2.3535,5670564
7/24/2019 0:00,2.3559,2.5131,2.27,2.3999,5323022.48
7/25/2019 0:00,2.3971,2.5149,2.3595,2.3615,4029732.82
7/26/2019 0:00,2.3615,2.43,2.3201,2.3989,1979267.83
7/27/2019 0:00,2.3954,2.46,2.1525,2.2453,4296972.72
7/28/2019 0:00,2.2372,2.2733,2.1,2.2156,1921301.06
7/29/2019 0:00,2.2178,2.2482,2.11,2.1251,2228158.07
7/30/2019 0:00,2.125,2.1854,1.9694,2.0682,4818376.29
7/31/2019 0:00,2.0672,2.25,2.0589,2.2102,4592022.53
8/1/2019 0:00,2.2169,2.231,2.1054,2.161,2890541.35
8/2/2019 0:00,2.1612,2.49,2.1275,2.4271,6325797.01
8/3/2019 0:00,2.4269,2.7342,2.3569,2.4211,11329664.01
8/4/2019 0:00,2.4186,2.6044,2.3811,2.5099,6257643.44
8/5/2019 0:00,2.5097,2.6495,2.4562,2.4562,5401188.63
8/6/2019 0:00,2.4599,2.5181,2.31,2.4785,6060839.71
8/7/2019 0:00,2.4822,2.5,2.3502,2.3826,3394545.7
8/8/2019 0:00,2.3883,2.3998,2.2713,2.2755,2864214
8/9/2019 0:00,2.2784,2.2919,2.151,2.1669,2368990.8
8/10/2019 0:00,2.169,2.4091,2.1306,2.3336,5262480.44
8/11/2019 0:00,2.3336,2.49,2.2901,2.415,3709082.7
8/12/2019 0:00,2.4165,2.479,2.335,2.39,2574671.09
8/13/2019 0:00,2.3868,2.4679,2.306,2.4229,3152764.71
8/14/2019 0:00,2.419,2.6031,2.163,2.2842,6940625.71
8/15/2019 0:00,2.284,2.4506,2.2565,2.4232,2808342.69
8/16/2019 0:00,2.4225,2.459,2.227,2.3,3572488.27
8/17/2019 0:00,2.3046,2.419,2.282,2.4036,2035414.39
8/18/2019 0:00,2.405,2.5657,2.3729,2.5051,3610567.41
8/19/2019 0:00,2.5055,2.6,2.4508,2.4958,4288720.33
8/20/2019 0:00,2.4943,2.5401,2.3354,2.3624,3477390.83
8/21/2019 0:00,2.3622,2.371,2.15,2.2054,4952696.55
8/22/2019 0:00,2.2058,2.2896,2.135,2.2227,2981137.74
8/23/2019 0:00,2.2231,2.295,2.1723,2.2333,4173130.85
8/24/2019 0:00,2.234,2.2545,2.1537,2.1681,1634146.8
8/25/2019 0:00,2.1704,2.1804,2.0255,2.078,2772672.99
8/26/2019 0:00,2.0783,2.1546,2.045,2.0739,2291314.91
8/27/2019 0:00,2.0737,2.1788,2.005,2.1128,3009068.12
8/28/2019 0:00,2.1098,2.1134,1.875,1.8957,3217225.93
8/29/2019 0:00,1.8956,1.8956,1.7253,1.7744,4211077.18
8/30/2019 0:00,1.7763,1.8913,1.7365,1.796,2660522.1
8/31/2019 0:00,1.7958,1.8535,1.74,1.7791,1831969.16
9/1/2019 0:00,1.7788,1.8,1.717,1.7686,1332701.68
9/2/2019 0:00,1.7696,1.89,1.7272,1.8287,3044387.69
9/3/2019 0:00,1.8307,1.9424,1.8147,1.849,3208754.39
9/4/2019 0:00,1.8486,1.87,1.7167,1.7784,3579394.12
9/5/2019 0:00,1.7793,1.8624,1.768,1.7921,2744215.93
9/6/2019 0:00,1.7919,1.86,1.6767,1.7226,3184048.39
9/7/2019 0:00,1.7222,1.806,1.7085,1.7672,2404181.98
9/8/2019 0:00,1.7672,1.9054,1.761,1.8275,3504716.5
9/9/2019 0:00,1.829,1.8731,1.761,1.7872,3483191.16
9/10/2019 0:00,1.7883,1.8326,1.773,1.7998,2713368.74
9/11/2019 0:00,1.7988,1.8258,1.7136,1.7301,2229727.06
9/12/2019 0:00,1.7301,1.7458,1.6918,1.7073,2229068.92
9/13/2019 0:00,1.7073,1.7099,1.51,1.5759,6639098.35
9/14/2019 0:00,1.5761,1.6375,1.5239,1.5634,5719166.79
9/15/2019 0:00,1.5634,1.6458,1.56,1.6104,4049102.77
9/16/2019 0:00,1.611,1.6355,1.545,1.5806,3549602.58
9/17/2019 0:00,1.5806,1.6765,1.5532,1.624,5393985.89
9/18/2019 0:00,1.624,1.8462,1.624,1.801,8269809.73
9/19/2019 0:00,1.7994,1.9075,1.7079,1.8744,8590087.52
9/20/2019 0:00,1.8743,1.8772,1.751,1.8245,3503491.24
9/21/2019 0:00,1.8215,1.8888,1.7881,1.8855,2773787.16
9/22/2019 0:00,1.8848,1.8868,1.7711,1.8157,2311848.65
9/23/2019 0:00,1.8149,1.88,1.7799,1.8048,2670201.16
9/24/2019 0:00,1.8034,2.0657,1.4612,1.716,16495451.14
9/25/2019 0:00,1.7135,1.9286,1.6249,1.7443,8910418.88
9/26/2019 0:00,1.7476,1.7584,1.5276,1.6512,6950205.76
9/27/2019 0:00,1.6512,1.6786,1.5573,1.659,4337039.06
9/28/2019 0:00,1.6593,1.7017,1.6284,1.6742,2378769.19
9/29/2019 0:00,1.6748,1.7492,1.6441,1.7002,3307432.07
9/30/2019 0:00,1.7004,1.769,1.6404,1.7677,3573550.83
10/1/2019 0:00,1.7677,1.882,1.7522,1.8286,4084117.04
10/2/2019 0:00,1.8285,2.0233,1.8121,2.011,5790547.34
10/3/2019 0:00,2.0134,2.0338,1.88,1.9442,7013380.23
10/4/2019 0:00,1.9443,1.9949,1.888,1.9663,3422137.61
10/5/2019 0:00,1.9663,1.9775,1.9113,1.9624,2233660.2
10/6/2019 0:00,1.9624,2.2659,1.9531,2.1669,9778198.66
10/7/2019 0:00,2.1669,2.4899,2.0971,2.3963,12795782.67
10/8/2019 0:00,2.3963,2.65,2.268,2.5765,16096459.09
10/9/2019 0:00,2.577,2.95,2.501,2.8011,21792384.08
10/10/2019 0:00,2.7977,2.8058,2.465,2.6279,15341951.1
10/11/2019 0:00,2.6293,2.7936,2.5619,2.7481,11417701.51
10/12/2019 0:00,2.7443,2.7572,2.5519,2.5975,6182391.51
10/13/2019 0:00,2.5975,2.6443,2.4351,2.486,5534063.18
10/14/2019 0:00,2.485,2.6741,2.4527,2.5324,5833573.38
10/15/2019 0:00,2.5315,2.597,2.332,2.3974,6236112.72
10/16/2019 0:00,2.3949,2.4143,2.182,2.3717,11864805.05
10/17/2019 0:00,2.3736,2.49,2.274,2.4124,10565628.71
10/18/2019 0:00,2.419,2.4999,2.3164,2.3546,7264838.28
10/19/2019 0:00,2.3521,2.391,2.2914,2.3521,4513732.32
10/20/2019 0:00,2.3513,2.451,2.278,2.4444,4491335.27
10/21/2019 0:00,2.4443,2.69,2.4347,2.6223,11337672.86
10/22/2019 0:00,2.6216,2.8178,2.5619,2.6074,11209530.78
10/23/2019 0:00,2.6073,2.684,2.3717,2.6055,14101549.77
10/24/2019 0:00,2.6071,2.7748,2.602,2.72,9751557.57
10/25/2019 0:00,2.7201,3.0063,2.6165,2.8374,14004511.97
10/26/2019 0:00,2.8374,2.9977,2.664,2.7348,13344088.09
10/27/2019 0:00,2.7323,2.762,2.6511,2.6646,5974202.16
10/28/2019 0:00,2.6707,2.8859,2.66,2.6611,7839146.77
10/29/2019 0:00,2.6601,2.769,2.6321,2.662,3559236.65
10/30/2019 0:00,2.661,2.6768,2.5107,2.6093,3975481.96
10/31/2019 0:00,2.6044,2.7573,2.5365,2.7219,4136829.05
11/1/2019 0:00,2.7233,2.7952,2.6428,2.7091,3786813.42
11/2/2019 0:00,2.7092,2.7399,2.6828,2.6973,1945703.47
11/3/2019 0:00,2.7015,2.7104,2.6202,2.6605,1676754.85
11/4/2019 0:00,2.6594,2.73,2.6267,2.6746,2315985.74
11/5/2019 0:00,2.6746,2.6947,2.6322,2.6746,1985221.73
11/6/2019 0:00,2.6743,2.82,2.6479,2.7448,3174248.63
11/7/2019 0:00,2.7446,2.7549,2.6022,2.6757,3498869.77
11/8/2019 0:00,2.6758,2.7333,2.621,2.71,2932879.67
11/9/2019 0:00,2.7091,2.8497,2.7031,2.8009,4656993.44
11/10/2019 0:00,2.8008,2.837,2.7362,2.777,2619550.08
11/11/2019 0:00,2.7773,2.7777,2.6655,2.744,2141763.75
11/12/2019 0:00,2.7438,2.8733,2.7311,2.8152,3219733
11/13/2019 0:00,2.8177,3.0894,2.7851,3.02,6541016.76
11/14/2019 0:00,3.0189,3.16,2.9666,3.039,6594266.26
11/15/2019 0:00,3.037,3.07,2.797,3.0389,5650698.64
11/16/2019 0:00,3.0372,3.0435,2.9115,2.9894,1973143.82
11/17/2019 0:00,2.9893,2.9894,2.8644,2.91,1638489.88
11/18/2019 0:00,2.91,2.961,2.6977,2.7885,3495345.66
11/19/2019 0:00,2.7886,2.8069,2.58,2.7255,4538639.68
11/20/2019 0:00,2.7279,2.7957,2.63,2.6982,3588766.35
11/21/2019 0:00,2.6983,2.7153,2.471,2.5456,4566589.41
11/22/2019 0:00,2.5456,2.5952,2.1,2.3466,10793729.34
11/23/2019 0:00,2.3434,2.4621,2.2604,2.4266,4841617.12
11/24/2019 0:00,2.4272,2.4533,2.2,2.2216,4491218.33
11/25/2019 0:00,2.2218,2.3976,2.02,2.2523,8169446.39
11/26/2019 0:00,2.2554,2.3578,2.1459,2.2424,7541215.92
11/27/2019 0:00,2.2437,2.2882,2.1002,2.2242,7877612.52
11/28/2019 0:00,2.2216,2.3248,2.1711,2.2702,4774519.93
11/29/2019 0:00,2.2716,2.3763,2.2611,2.3403,4135940.21
11/30/2019 0:00,2.3403,2.3437,2.1943,2.2373,2921785.1
12/1/2019 0:00,2.236,2.2385,2.1274,2.1638,3517483.43
12/2/2019 0:00,2.1634,2.166,2.0524,2.0911,3655978.97
12/3/2019 0:00,2.0913,2.1891,2.058,2.1222,3779139.53
12/4/2019 0:00,2.1222,2.17,2,2.029,6597003.71
12/5/2019 0:00,2.0282,2.074,1.9583,2.0068,5364919.99
12/6/2019 0:00,2.0059,2.1042,1.9685,2.0943,3859727.3
12/7/2019 0:00,2.0918,2.1114,2.0346,2.044,2405401.82
12/8/2019 0:00,2.0402,2.085,2.0012,2.0528,2020725.98
12/9/2019 0:00,2.052,2.0985,2.0151,2.0984,2777749.05
12/10/2019 0:00,2.0983,2.2862,2.0611,2.2657,10814539.15
12/11/2019 0:00,2.2655,2.3042,2.147,2.1786,4814219.68
12/12/2019 0:00,2.1784,2.1951,2.0197,2.1056,4784990.28
12/13/2019 0:00,2.1037,2.121,2.0575,2.0709,1963976.04
12/14/2019 0:00,2.0713,2.0933,1.97,1.9946,1752984.19
12/15/2019 0:00,1.9947,2.1168,1.9606,2.0708,2576084.24
12/16/2019 0:00,2.0722,2.0873,1.967,1.9751,2569583.57
12/17/2019 0:00,1.9705,2.0025,1.7,1.7598,7385844.66
12/18/2019 0:00,1.7594,1.8995,1.5996,1.8703,8597518.31
12/19/2019 0:00,1.8703,1.8901,1.749,1.805,5045402.58
12/20/2019 0:00,1.805,1.9238,1.7849,1.9182,3285479.38
12/21/2019 0:00,1.9182,1.9204,1.8544,1.8575,2246207.92
12/22/2019 0:00,1.8563,1.94,1.853,1.9181,2959721.12
12/23/2019 0:00,1.9167,1.9532,1.846,1.8629,2832932.76
12/24/2019 0:00,1.8638,1.8854,1.8154,1.8435,2279849.44
12/25/2019 0:00,1.8434,1.8462,1.76,1.7826,1580097.4
12/26/2019 0:00,1.7836,1.9604,1.7702,1.8539,2674255.35
12/27/2019 0:00,1.8538,1.9299,1.8435,1.8751,2417432.93
12/28/2019 0:00,1.8777,1.8994,1.8555,1.8746,1269364.7
12/29/2019 0:00,1.8716,1.92,1.8444,1.8976,1411417.05
12/30/2019 0:00,1.898,1.898,1.8072,1.8243,1099037.99
12/31/2019 0:00,1.8215,1.8292,1.754,1.7673,1637649.28
1/1/2020 0:00,1.7678,1.8548,1.7606,1.8111,1158748.32
1/2/2020 0:00,1.8109,1.8164,1.7065,1.7366,1422992.29
1/3/2020 0:00,1.7366,1.8292,1.7013,1.804,1789613.99
1/4/2020 0:00,1.803,1.8446,1.784,1.8242,1241322.81
1/5/2020 0:00,1.8243,1.8413,1.785,1.7957,1524717.4
1/6/2020 0:00,1.7954,1.9386,1.7925,1.9374,3301261.66
1/7/2020 0:00,1.9373,2.1398,1.8993,2.1033,6873503.39
1/8/2020 0:00,2.1006,2.3495,2.1006,2.1892,12147661.7
1/9/2020 0:00,2.1877,2.2344,2.0977,2.1886,5099844.97
1/10/2020 0:00,2.1867,2.2489,2.1455,2.2257,4235526.03
1/11/2020 0:00,2.2255,2.345,2.218,2.2734,4347105.06
1/12/2020 0:00,2.273,2.3212,2.212,2.2383,2502624.23
1/13/2020 0:00,2.2382,2.2382,2.1561,2.1901,1977335.23
1/14/2020 0:00,2.1904,2.4701,2.1792,2.3751,7062307.44
1/15/2020 0:00,2.3751,2.5604,2.3332,2.3953,6414464.86
1/16/2020 0:00,2.3991,2.51,2.2932,2.4925,4944704.42
1/17/2020 0:00,2.669,2.896,2.592,2.696,8174258.39
1/18/2020 0:00,2.696,2.799,2.56,2.774,7920982.41
1/19/2020 0:00,2.777,2.854,2.519,2.623,9414962.4
1/20/2020 0:00,2.623,2.745,2.544,2.695,7244721.52
1/21/2020 0:00,2.694,2.745,2.561,2.673,5857502.02
1/22/2020 0:00,2.675,2.694,2.626,2.654,3308776.35
1/23/2020 0:00,2.656,2.659,2.43,2.471,5259106.64
1/24/2020 0:00,2.47,2.542,2.35,2.504,3786409.71
1/25/2020 0:00,2.506,2.515,2.436,2.448,2024211.4
1/26/2020 0:00,2.449,2.582,2.429,2.575,1798455.47
1/27/2020 0:00,2.579,2.683,2.561,2.608,3819200.89
1/28/2020 0:00,2.61,2.678,2.588,2.656,3230957.43
1/29/2020 0:00,2.659,2.839,2.644,2.781,5033997.71
1/30/2020 0:00,2.781,2.95,2.706,2.914,6791645.62
1/31/2020 0:00,2.917,2.929,2.762,2.825,3932003.6
2/1/2020 0:00,2.83,2.888,2.737,2.841,2911735.11
2/2/2020 0:00,2.84,2.894,2.737,2.832,3802570.97
2/3/2020 0:00,2.832,2.884,2.747,2.782,3581271.52
2/4/2020 0:00,2.78,2.806,2.676,2.741,4986574.63
2/5/2020 0:00,2.743,2.891,2.732,2.843,6672109.53
2/6/2020 0:00,2.843,2.97,2.794,2.902,6810869.82
2/7/2020 0:00,2.902,3.365,2.9,3.311,21498629.65
2/8/2020 0:00,3.31,3.48,3.11,3.42,13960201.73
2/9/2020 0:00,3.419,3.525,3.232,3.504,10618619.75
2/10/2020 0:00,3.503,3.511,3.272,3.388,12794908.32
2/11/2020 0:00,3.389,3.999,3.353,3.989,20242362.25
2/12/2020 0:00,3.992,4.2,3.861,3.988,21463540.02
2/13/2020 0:00,3.996,4.141,3.669,3.878,15384991.48
2/14/2020 0:00,3.877,4.494,3.797,4.43,16408846.63
2/15/2020 0:00,4.434,4.632,4.05,4.328,25198236.75
2/16/2020 0:00,4.327,4.884,4,4.454,36234506.95
2/17/2020 0:00,4.45,4.567,3.854,4.302,29599801.05
2/18/2020 0:00,4.308,4.656,4.139,4.564,22201270.68
2/19/2020 0:00,4.56,4.869,4.172,4.386,22940583.81
2/20/2020 0:00,4.386,4.481,4.066,4.267,17990206.45
2/21/2020 0:00,4.268,4.51,4.18,4.275,14439042.63
2/22/2020 0:00,4.276,4.348,4.052,4.105,13391901.76
2/23/2020 0:00,4.105,4.378,4.072,4.236,12543473.13
2/24/2020 0:00,4.239,4.295,3.801,3.923,17653202.98
2/25/2020 0:00,3.923,3.964,3.478,3.491,21775940.01
2/26/2020 0:00,3.49,3.85,3.312,3.564,33762852.07
2/27/2020 0:00,3.564,4.116,3.41,3.956,28829556.63
2/28/2020 0:00,3.956,4.246,3.736,4.161,29404884.64
2/29/2020 0:00,4.161,4.347,4.052,4.062,24864103.87
3/1/2020 0:00,4.056,4.24,3.756,3.858,27557121.23
3/2/2020 0:00,3.862,4.327,3.816,4.242,25221263.83
3/3/2020 0:00,4.242,4.68,4.131,4.591,31643156.84
3/4/2020 0:00,4.591,4.953,4.535,4.635,41814186.91
3/5/2020 0:00,4.634,4.9,4.617,4.707,27195074.19
3/6/2020 0:00,4.71,4.748,4.538,4.683,22760436.87
3/7/2020 0:00,4.683,4.688,4.31,4.342,23882647.15
3/8/2020 0:00,4.342,4.398,3.834,4.059,48713759.73
3/9/2020 0:00,4.059,4.371,3.6,4.12,62199105.65
3/10/2020 0:00,4.12,4.2,3.913,4.08,36483260.51
3/11/2020 0:00,4.079,4.109,3.55,3.815,36061699.63
3/12/2020 0:00,3.811,3.85,1.75,1.993,98883403.15
3/13/2020 0:00,1.99,2.747,1.364,2.426,74680139.44
3/14/2020 0:00,2.427,2.514,2.051,2.129,32328472.46
3/15/2020 0:00,2.128,2.401,2.005,2.086,29040023.13
3/16/2020 0:00,2.086,2.086,1.53,1.785,63189586.38
3/17/2020 0:00,1.783,2.071,1.728,1.861,39254830.14
3/18/2020 0:00,1.861,1.96,1.756,1.948,29145064.61
3/19/2020 0:00,1.949,2.385,1.885,2.241,38627307.2
3/20/2020 0:00,2.241,2.629,2.01,2.26,46646667.19
3/21/2020 0:00,2.26,2.376,2.1,2.28,21055692.28
3/22/2020 0:00,2.281,2.33,1.925,1.981,20421362.33
3/23/2020 0:00,1.984,2.283,1.926,2.245,24657741.05
3/24/2020 0:00,2.246,2.373,2.19,2.311,19501709.49
3/25/2020 0:00,2.31,2.352,2.179,2.254,14112900.81
3/26/2020 0:00,2.256,2.313,2.202,2.313,8489670.5
3/27/2020 0:00,2.311,2.362,2.1,2.131,8416287.77
3/28/2020 0:00,2.131,2.151,2.038,2.131,13925185.4
3/29/2020 0:00,2.13,2.147,2.002,2.006,8981680.13
3/30/2020 0:00,2.006,2.197,2.002,2.134,11279154.93
3/31/2020 0:00,2.133,2.3,2.108,2.259,10171831.55
4/1/2020 0:00,2.261,2.31,2.142,2.276,18447514.13
4/2/2020 0:00,2.276,2.456,2.256,2.294,19283942.92
4/3/2020 0:00,2.293,2.384,2.267,2.301,9692728.91
4/4/2020 0:00,2.3,2.342,2.253,2.315,7908413.24
4/5/2020 0:00,2.316,2.323,2.242,2.264,4956710.65
4/6/2020 0:00,2.264,2.564,2.264,2.55,13785765.67
4/7/2020 0:00,2.55,2.911,2.547,2.729,43008269.8
4/8/2020 0:00,2.73,3.27,2.709,3.171,42479244.47
4/9/2020 0:00,3.17,3.48,3.122,3.313,61252280.71
4/10/2020 0:00,3.312,3.324,2.941,3.22,70479253.59
4/11/2020 0:00,3.218,3.434,3.06,3.286,64624324.33
4/12/2020 0:00,3.286,3.638,3.165,3.414,67755148.33
4/13/2020 0:00,3.411,3.459,3.185,3.365,58635180.47
4/14/2020 0:00,3.366,3.443,3.201,3.249,36392064.67
4/15/2020 0:00,3.248,3.3,3.1,3.119,39078370.35
4/16/2020 0:00,3.12,3.58,2.96,3.486,47935169.47
4/17/2020 0:00,3.487,3.535,3.38,3.454,22860047.76
4/18/2020 0:00,3.453,3.837,3.443,3.782,32676418.3
4/19/2020 0:00,3.782,3.809,3.512,3.588,34528134.86
4/20/2020 0:00,3.588,3.795,3.368,3.431,48349742.38
4/21/2020 0:00,3.431,3.57,3.379,3.457,33405925.84
4/22/2020 0:00,3.457,3.688,3.429,3.676,27240240.28
4/23/2020 0:00,3.676,3.937,3.594,3.761,30922748.15
4/24/2020 0:00,3.762,3.895,3.74,3.78,19719107.28
4/25/2020 0:00,3.78,3.913,3.747,3.79,15847102.51
4/26/2020 0:00,3.79,3.819,3.617,3.723,22172119.89
4/27/2020 0:00,3.723,3.743,3.461,3.636,27008173.19
4/28/2020 0:00,3.637,3.74,3.557,3.648,19153846.14
4/29/2020 0:00,3.646,4.019,3.633,3.895,36067115.78
4/30/2020 0:00,3.896,3.987,3.628,3.709,31525918.43
5/1/2020 0:00,3.708,3.921,3.705,3.764,18680066.8
5/2/2020 0:00,3.764,3.872,3.731,3.819,11706080.24
5/3/2020 0:00,3.818,3.874,3.639,3.716,11792615.23
5/4/2020 0:00,3.715,3.834,3.506,3.753,24149955.31
5/5/2020 0:00,3.753,3.827,3.658,3.685,12489562.59
5/6/2020 0:00,3.685,3.769,3.572,3.595,12100688.06
5/7/2020 0:00,3.595,3.858,3.566,3.764,18291026.07
5/8/2020 0:00,3.765,3.864,3.693,3.801,15134803.39
5/9/2020 0:00,3.803,4.225,3.766,4.023,35215660.19
5/10/2020 0:00,4.022,4.029,3.409,3.761,34059847.35
5/11/2020 0:00,3.762,3.838,3.288,3.587,22303488.36
5/12/2020 0:00,3.588,3.799,3.544,3.698,14666352.6
5/13/2020 0:00,3.698,3.822,3.633,3.768,10319592.34
5/14/2020 0:00,3.768,3.865,3.695,3.81,11696927.96
5/15/2020 0:00,3.811,3.837,3.62,3.665,8560581.47
5/16/2020 0:00,3.664,3.79,3.62,3.763,6629632.65
5/17/2020 0:00,3.763,3.855,3.755,3.783,6464190.09
5/18/2020 0:00,3.781,3.957,3.78,3.891,10230574.44
5/19/2020 0:00,3.891,3.954,3.777,3.947,8353172.85
5/20/2020 0:00,3.946,4.14,3.894,4.086,20728883.42
5/21/2020 0:00,4.086,4.175,3.74,3.831,23594129.48
5/22/2020 0:00,3.83,4.146,3.8,4.061,16513237.66
5/23/2020 0:00,4.061,4.107,3.91,3.929,12252734.3
5/24/2020 0:00,3.929,4.03,3.786,3.79,13064110.88
5/25/2020 0:00,3.794,3.909,3.77,3.865,8056320.29
5/26/2020 0:00,3.867,3.886,3.772,3.846,7193089.12
5/27/2020 0:00,3.847,3.917,3.807,3.857,6535533.79
5/28/2020 0:00,3.856,4.063,3.83,4.044,7532220.62
5/29/2020 0:00,4.045,4.132,3.951,3.981,9286608.08
5/30/2020 0:00,3.981,4.187,3.943,4.183,8840742.11
5/31/2020 0:00,4.183,4.289,4.041,4.133,12796267.47
6/1/2020 0:00,4.132,4.484,4.123,4.393,20163348.45
6/2/2020 0:00,4.392,4.625,4.1,4.4,18992993.74
6/3/2020 0:00,4.4,4.536,4.289,4.494,9758675.62
6/4/2020 0:00,4.492,4.513,4.287,4.434,10267558.92
6/5/2020 0:00,4.43,4.49,4.343,4.363,6815261.19
6/6/2020 0:00,4.362,4.4,4.308,4.355,3780546.45
6/7/2020 0:00,4.356,4.41,4.211,4.353,5722980.16
6/8/2020 0:00,4.353,4.48,4.329,4.478,5651074.21
6/9/2020 0:00,4.478,4.515,4.367,4.442,6592083.07
6/10/2020 0:00,4.443,4.446,4.352,4.425,5449053.31
6/11/2020 0:00,4.427,4.458,3.89,3.962,14317863.64
6/12/2020 0:00,3.962,4.191,3.858,4.087,8040478.12
6/13/2020 0:00,4.087,4.132,4.007,4.112,3047404.22
6/14/2020 0:00,4.112,4.116,3.918,3.942,3813824.62
6/15/2020 0:00,3.944,3.989,3.657,3.929,14035947.23
6/16/2020 0:00,3.93,4.09,3.893,4.048,12237956.25
6/17/2020 0:00,4.048,4.189,3.961,4.163,11307298.16
6/18/2020 0:00,4.163,4.245,4.092,4.136,9663118.86
6/19/2020 0:00,4.139,4.187,4.052,4.096,8115452.43
6/20/2020 0:00,4.096,4.207,4.064,4.179,8618121.63
6/21/2020 0:00,4.178,4.207,4.14,4.184,4543384.51
6/22/2020 0:00,4.183,4.486,4.178,4.48,11954634.78
6/23/2020 0:00,4.48,4.94,4.426,4.805,28619709.7
6/24/2020 0:00,4.805,4.941,4.5,4.71,25690670.79
6/25/2020 0:00,4.71,4.838,4.5,4.804,20793900.68
6/26/2020 0:00,4.806,4.859,4.643,4.68,14732769.59
6/27/2020 0:00,4.681,4.693,4.3,4.408,13770640.43
6/28/2020 0:00,4.406,4.615,4.334,4.568,10969156.02
6/29/2020 0:00,4.568,4.649,4.423,4.618,10291801.62
6/30/2020 0:00,4.619,4.664,4.539,4.564,7283213.44
7/1/2020 0:00,4.564,4.73,4.52,4.705,8757356.59
7/2/2020 0:00,4.706,4.92,4.596,4.796,17978082.76
7/3/2020 0:00,4.796,4.895,4.702,4.731,9450202.22
7/4/2020 0:00,4.73,4.858,4.72,4.817,5472867.27
7/5/2020 0:00,4.817,4.836,4.622,4.749,7702041.57
7/6/2020 0:00,4.748,5.517,4.737,5.367,25673370.36
7/7/2020 0:00,5.367,5.898,5.336,5.734,39442255.08
7/8/2020 0:00,5.734,6.61,5.6,6.502,44434386.17
7/9/2020 0:00,6.502,6.505,5.679,6.09,34032722.75
7/10/2020 0:00,6.09,6.21,5.7,6.151,24825833.65
7/11/2020 0:00,6.149,6.276,5.962,6.109,13419694.03
7/12/2020 0:00,6.109,7.39,6.105,7.328,56742858.96
7/13/2020 0:00,7.326,8.58,6.859,7.157,83840725.3
7/14/2020 0:00,7.157,8.359,6.95,8.113,66580036.61
7/15/2020 0:00,8.113,8.979,7.818,8.64,65989670.25
7/16/2020 0:00,8.64,8.887,7.911,8.341,62870582.6
7/17/2020 0:00,8.344,8.63,8.188,8.264,27425086.67
7/18/2020 0:00,8.263,8.264,7.643,7.968,29718954.99
7/19/2020 0:00,7.968,8.197,7.777,8.082,19949522.19
7/20/2020 0:00,8.085,8.143,7.116,7.241,35642424.67
7/21/2020 0:00,7.238,7.676,6.9,7.306,36127431.48
7/22/2020 0:00,7.309,7.62,7.084,7.479,31441097.61
7/23/2020 0:00,7.479,8.08,7.406,7.887,34014746.18
7/24/2020 0:00,7.891,7.915,7.381,7.425,23622137.29
7/25/2020 0:00,7.425,7.798,7.368,7.678,18163061.68
7/26/2020 0:00,7.68,7.95,7.064,7.499,28180679.46
7/27/2020 0:00,7.499,7.499,6.444,7.091,43502286.05
7/28/2020 0:00,7.092,7.422,6.902,7.232,20335821.96
7/29/2020 0:00,7.235,7.465,6.979,7.083,18090614.31
7/30/2020 0:00,7.084,7.57,7.016,7.405,19724654.06
7/31/2020 0:00,7.402,7.847,7.402,7.793,21185421.92
8/1/2020 0:00,7.793,8.481,7.623,8.32,21918189.47
8/2/2020 0:00,8.319,8.8,6.609,8.276,56743927.93
8/3/2020 0:00,8.277,9.268,8.132,9.234,33847377.57
8/4/2020 0:00,9.234,9.93,9.058,9.839,45267886.95
8/5/2020 0:00,9.839,9.845,9.3,9.516,22406955.08
8/6/2020 0:00,9.516,10.29,9.427,10.217,23518847.72
8/7/2020 0:00,10.22,10.24,8.984,10.116,30373774.1
8/8/2020 0:00,10.123,14.7,9.92,12.713,64489589.89
8/9/2020 0:00,12.717,14.48,12,13.805,63537773.2
8/10/2020 0:00,13.809,14.4,12.356,13.493,38424580.89
8/11/2020 0:00,13.494,13.555,12.092,13.013,38342035.66
8/12/2020 0:00,13.005,16.83,12.6,16.463,59153442.58
8/13/2020 0:00,16.468,18.385,15.8,17.196,76351620.31
8/14/2020 0:00,17.193,17.646,16.3,16.965,32979168.81
8/15/2020 0:00,16.966,19.968,16.564,19.228,48896679.82
8/16/2020 0:00,19.228,20.296,18.508,18.848,32510418.45
8/17/2020 0:00,18.847,19.8,15.62,16.812,37262381.78
8/18/2020 0:00,16.812,17.698,14.65,16.202,62666686.24
8/19/2020 0:00,16.202,17.274,14.866,16.209,49298553.33
8/20/2020 0:00,16.217,16.82,15.727,16.091,26172496.37
8/21/2020 0:00,16.09,16.192,12.897,13.85,58818372.55
8/22/2020 0:00,13.853,16.347,13.667,15.823,40220876.2
8/23/2020 0:00,15.817,16.017,14.666,15.172,24963800.28
8/24/2020 0:00,15.174,15.899,14.7,15.165,20815127.36
8/25/2020 0:00,15.165,15.4,13.455,14.131,32835548.57
8/26/2020 0:00,14.124,15.69,14.065,15.228,28368424.11
8/27/2020 0:00,15.225,15.56,13.988,14.531,28233193.18
8/28/2020 0:00,14.531,15.521,14.247,15.135,16290629.9
8/29/2020 0:00,15.135,17.059,14.982,16.367,27169740.23
8/30/2020 0:00,16.371,17.798,16.361,16.498,28119135.61
8/31/2020 0:00,16.5,16.968,15.505,15.586,22823001.45
9/1/2020 0:00,15.585,16.525,15.066,16.058,22436022.19
9/2/2020 0:00,16.052,16.397,13.92,14.799,26495212.37
9/3/2020 0:00,14.803,15,10.9,11.861,44366671.89
9/4/2020 0:00,11.857,12.923,10.981,12.372,48990137.85
9/5/2020 0:00,12.377,12.773,8.955,10.6,60737926.72
9/6/2020 0:00,10.6,13.25,9.7,12.8,47258475.6
9/7/2020 0:00,12.802,13.175,11.158,12.462,46024604.81
9/8/2020 0:00,12.462,12.735,11.026,11.737,32937123.03
9/9/2020 0:00,11.738,12.667,11.433,12.343,21959891.07
9/10/2020 0:00,12.344,13.281,12.11,12.506,26198088.59
9/11/2020 0:00,12.501,12.695,12.015,12.435,17891482.36
9/12/2020 0:00,12.44,12.75,12.089,12.729,13818410
9/13/2020 0:00,12.722,13.238,11.738,12.064,23674965.73
9/14/2020 0:00,12.068,12.398,11.63,12.137,18472733.96
9/15/2020 0:00,12.136,12.249,10.728,10.921,22823211.87
9/16/2020 0:00,10.921,11.28,10.475,10.735,22958478.09
9/17/2020 0:00,10.736,11.68,10.495,11.016,24904266.69
9/18/2020 0:00,11.016,11.139,9.782,10.094,18302072.8
9/19/2020 0:00,10.093,10.501,9.877,10.124,13045683.23
9/20/2020 0:00,10.124,10.63,9.454,9.74,18592209.46
9/21/2020 0:00,9.736,9.929,8.451,8.706,42532350.62
9/22/2020 0:00,8.708,9.073,8.52,8.733,23028768.9
9/23/2020 0:00,8.732,8.791,7.309,7.64,44512055.74
9/24/2020 0:00,7.642,10.4,7.464,9.865,69839000.3
9/25/2020 0:00,9.867,11.184,9.363,10.714,53364822.59
9/26/2020 0:00,10.714,11.094,9.964,10.306,34529204.51
9/27/2020 0:00,10.306,10.985,9.88,10.788,29923709.78
9/28/2020 0:00,10.789,11.07,10.135,10.278,24536583.92
9/29/2020 0:00,10.279,10.382,9.43,10.129,32843995.82
9/30/2020 0:00,10.13,10.237,9.563,9.859,21520365.32
10/1/2020 0:00,9.859,10.41,9.27,9.632,30126992.37
10/2/2020 0:00,9.631,9.84,8.794,9.202,36069781.61
10/3/2020 0:00,9.202,9.533,9.088,9.26,16553541.83
10/4/2020 0:00,9.26,9.45,9.102,9.383,14406808.83
10/5/2020 0:00,9.379,9.731,9.256,9.605,18648729.91
10/6/2020 0:00,9.605,9.652,8.55,8.765,24695613.36
10/7/2020 0:00,8.767,9.013,8.377,8.963,23601163.19
10/8/2020 0:00,8.964,9.676,8.422,9.544,29266373.29
10/9/2020 0:00,9.547,10.51,9.356,10.386,33083861.61
10/10/2020 0:00,10.386,10.92,10.36,10.514,28957533.13
10/11/2020 0:00,10.513,11.026,10.147,10.834,27341343.75
10/12/2020 0:00,10.833,11.793,10.67,11.418,40756788.84
10/13/2020 0:00,11.418,11.573,10.516,10.998,32870784.8
10/14/2020 0:00,10.998,11.332,10.611,10.888,27901241.39
10/15/2020 0:00,10.887,10.933,10.47,10.752,26314780.71
10/16/2020 0:00,10.752,10.89,10.261,10.58,22661944.59
10/17/2020 0:00,10.58,10.71,10.41,10.616,12613371.43
10/18/2020 0:00,10.616,10.98,10.588,10.936,12611068.83
10/19/2020 0:00,10.935,11.227,10.651,10.92,20335335.94
10/20/2020 0:00,10.92,10.937,9.756,9.852,27648638.38
10/21/2020 0:00,9.852,11.14,9.781,10.78,33429384.18
10/22/2020 0:00,10.781,12.426,10.711,11.948,38880465.04
10/23/2020 0:00,11.949,12.274,11.58,12.156,32217748.85
10/24/2020 0:00,12.153,12.95,11.979,12.691,28357758.3
10/25/2020 0:00,12.692,12.85,11.9,12.148,23604517.94
10/26/2020 0:00,12.146,12.45,11.256,11.701,31578187.37
10/27/2020 0:00,11.701,12.465,11.487,11.912,28666562.26
10/28/2020 0:00,11.911,12.158,11.14,11.434,27746823.8
10/29/2020 0:00,11.433,11.803,11.068,11.269,25675225.34
10/30/2020 0:00,11.269,11.476,10.75,11.091,26922783.1
10/31/2020 0:00,11.092,11.396,10.906,11.222,17396073.25
11/1/2020 0:00,11.222,11.59,11.015,11.57,14207461
11/2/2020 0:00,11.569,11.69,10.707,10.779,27027561.19
11/3/2020 0:00,10.779,10.782,9.953,10.394,31587442.06
11/4/2020 0:00,10.392,10.666,9.741,10.469,33576738.1
11/5/2020 0:00,10.469,11.271,10.077,10.971,36879942.16
11/6/2020 0:00,10.971,12.294,10.916,12.171,37423777.89
11/7/2020 0:00,12.172,13.741,11.45,11.766,77770982.99
11/8/2020 0:00,11.765,13.1,11.475,12.71,35995976.3
11/9/2020 0:00,12.71,13.013,12.044,12.508,42897592.85
11/10/2020 0:00,12.508,13.3,12.306,13.018,40236421.05
11/11/2020 0:00,13.017,13.438,12.745,12.757,30859101.61
11/12/2020 0:00,12.758,13.097,12.262,12.405,27372203.02
11/13/2020 0:00,12.405,13.012,12.299,12.867,26716326.22
11/14/2020 0:00,12.867,12.938,12.316,12.565,16818505.51
11/15/2020 0:00,12.566,12.662,11.815,12.121,18833935.23
11/16/2020 0:00,12.123,12.825,11.991,12.628,21690526.14
11/17/2020 0:00,12.629,13.473,12.556,13.427,32835123.79
11/18/2020 0:00,13.426,14.394,12.51,13.573,54462879.99
11/19/2020 0:00,13.575,14.03,13.017,13.62,30165360.11
11/20/2020 0:00,13.62,14.517,13.471,14.106,32701563.92
11/21/2020 0:00,14.106,15.56,13.68,15.477,44234287.94
11/22/2020 0:00,15.48,15.75,13.8,14.528,42454919.12
11/23/2020 0:00,14.526,15.448,14.279,15.279,35992453.25
11/24/2020 0:00,15.278,16.413,14.96,15.694,49938508.96
11/25/2020 0:00,15.693,15.918,13.795,14.226,30426675.6
11/26/2020 0:00,14.226,14.484,11.14,12.6,74641921.48
11/27/2020 0:00,12.6,12.947,11.952,12.51,27988751.21
11/28/2020 0:00,12.511,13.433,12.36,13.09,20781408.66
11/29/2020 0:00,13.087,13.488,12.848,13.395,18889787
11/30/2020 0:00,13.396,14.467,13.394,14.284,30242914.8
12/1/2020 0:00,14.287,14.885,13.061,13.358,36355839.36
12/2/2020 0:00,13.359,14.171,13.055,13.995,19765625.25
12/3/2020 0:00,13.995,14.244,13.668,13.985,15606882.53
12/4/2020 0:00,13.986,14.053,12.5,12.689,17842591.82
12/5/2020 0:00,12.685,13.357,12.53,13.177,13746693.91
12/6/2020 0:00,13.177,13.55,12.771,13.519,13001058.02
12/7/2020 0:00,13.52,13.574,12.88,13.082,10074465.96
12/8/2020 0:00,13.083,13.207,11.994,12.135,15423214.84
12/9/2020 0:00,12.14,12.832,11.568,12.617,21962464.29
12/10/2020 0:00,12.616,12.671,11.855,11.916,11104064.24
12/11/2020 0:00,11.916,11.994,11.423,11.644,16134782.51
12/12/2020 0:00,11.645,12.358,11.603,12.228,12897473.52
12/13/2020 0:00,12.229,13.277,12.026,12.941,17512226.03
12/14/2020 0:00,12.942,12.991,12.322,12.858,15682282.1
12/15/2020 0:00,12.858,13.034,12.47,12.692,10675359.81
12/16/2020 0:00,12.693,13.519,12.313,13.498,19839160.1
12/17/2020 0:00,13.497,14.547,13.1,13.457,37795134.7
12/18/2020 0:00,13.457,14.038,13.187,13.517,18652767.65
12/19/2020 0:00,13.518,14.007,13.311,13.486,14656408.42
12/20/2020 0:00,13.487,13.819,12.65,13.064,17512162.52
12/21/2020 0:00,13.064,13.287,12.082,12.317,19505156.54
12/22/2020 0:00,12.314,12.848,11.809,12.788,18929126.96
12/23/2020 0:00,12.788,12.87,8.022,10.972,47463792.21
12/24/2020 0:00,10.971,11.683,9.849,11.563,40364233.42
12/25/2020 0:00,11.562,11.915,11.05,11.56,23552756.6
12/26/2020 0:00,11.561,11.816,10.62,10.98,25207042.05
12/27/2020 0:00,10.98,13.274,10.478,12.169,49945357.04
12/28/2020 0:00,12.172,12.974,11.979,12.62,33021138.05
12/29/2020 0:00,12.619,13.057,10.806,11.781,33522575.32
12/30/2020 0:00,11.779,11.99,11.071,11.248,21085878.86
12/31/2020 0:00,11.248,11.756,10.944,11.244,18778512.86
1/1/2021 0:00,11.244,12.485,11.071,11.869,23199628.14
1/2/2021 0:00,11.868,12.455,11.456,12.226,25747352.18
1/3/2021 0:00,12.228,14.069,11.85,13.719,44451096.87
1/4/2021 0:00,13.724,15.86,12.333,13.611,66724684.51
1/5/2021 0:00,13.61,14.931,13.113,14.531,40608542.36
1/6/2021 0:00,14.537,17.366,14.158,17.29,49259450.11
1/7/2021 0:00,17.295,17.52,15.078,15.989,41306461.24
1/8/2021 0:00,15.99,16.262,14.13,15.251,41229302.63
1/9/2021 0:00,15.253,17.936,15.004,17.589,33525639.35
1/10/2021 0:00,17.595,18.498,15.488,16.228,38916176.03
1/11/2021 0:00,16.221,16.281,12.5,14.657,55281912.66
1/12/2021 0:00,14.655,15.495,13.684,13.982,30519127.87
1/13/2021 0:00,13.978,16.254,13.376,15.952,26764681.9
1/14/2021 0:00,15.956,18.047,15.35,18.023,27785906.34
1/15/2021 0:00,18.027,21.682,17.562,20.766,88211876.93
1/16/2021 0:00,20.768,23.067,19.655,20.13,60270706.38
1/17/2021 0:00,20.134,23.78,19.388,23.286,47435718.56
1/18/2021 0:00,23.279,23.75,21.085,22.069,29969769.86
1/19/2021 0:00,22.067,22.93,20.398,20.585,26192768.9
1/20/2021 0:00,20.564,21.991,19.055,21.867,31757963.44
1/21/2021 0:00,21.861,22.086,18.06,18.441,37677979.27
1/22/2021 0:00,18.437,22.548,17.111,21.578,41249960.45
1/23/2021 0:00,21.58,25.56,21.163,24.824,48751117.46
1/24/2021 0:00,24.827,24.988,23.1,24.831,30307266.89
1/25/2021 0:00,24.835,25.845,22.613,23.367,30125870.31
1/26/2021 0:00,23.367,23.993,21.669,23.132,24465211.72
1/27/2021 0:00,23.128,23.272,20.282,20.989,25834468.1
1/28/2021 0:00,20.986,24.516,20.521,23.02,26582152.09
1/29/2021 0:00,23.031,24.324,22.085,22.781,23877037.88
1/30/2021 0:00,22.779,24.033,22.188,23.699,14836039.42
1/31/2021 0:00,23.694,24.797,22.1,22.609,16761323.56
2/1/2021 0:00,22.601,23.236,21.65,22.928,11858578.09
2/2/2021 0:00,22.92,24.234,22.77,23.725,13803273.96
2/3/2021 0:00,23.734,25.659,23.62,25.131,19642921.65
2/4/2021 0:00,25.139,26.278,22.687,24.519,25315599.35
2/5/2021 0:00,24.516,27.133,24.45,26.352,25252177.41
2/6/2021 0:00,26.353,26.893,24.207,25.102,17791985.51
2/7/2021 0:00,25.102,25.354,22.781,24.777,16162844.99
2/8/2021 0:00,24.774,26.08,24.002,25.465,17094624.41
2/9/2021 0:00,25.47,28.079,25.043,27.667,21181577.63
2/10/2021 0:00,27.659,28.744,24.65,26.853,30207935.11
2/11/2021 0:00,26.848,28.662,26.225,27.895,16107859.39
2/12/2021 0:00,27.894,31.55,26.713,30.713,21176420.47
2/13/2021 0:00,30.713,35,29.135,34.316,26919047.02
2/14/2021 0:00,34.313,35.8,32.306,33.215,21213347.53
2/15/2021 0:00,33.215,35,27.07,32.683,27873371.81
2/16/2021 0:00,32.681,33.498,30.807,32.004,17318155.55
2/17/2021 0:00,32.013,32.796,30.033,32.289,12714169.79
2/18/2021 0:00,32.288,33.718,31.835,32.524,11374610.58
2/19/2021 0:00,32.524,35.695,31.404,34.766,17905953.39
2/20/2021 0:00,34.771,37.075,31.912,33.977,23005394.74
2/21/2021 0:00,33.977,35.36,33.3,34.13,10980165.51
2/22/2021 0:00,34.133,34.264,24.84,31.486,32969976.28
2/23/2021 0:00,31.494,31.716,20.671,25.986,46453168.52
2/24/2021 0:00,25.987,29.357,24.53,28.101,24493231.56
2/25/2021 0:00,28.104,28.73,24.389,24.721,17698203.13
2/26/2021 0:00,24.726,27.03,23.662,25.196,19285007.3
2/27/2021 0:00,25.202,27.433,24.868,26.193,14360003.9
2/28/2021 0:00,26.191,26.766,22.873,24.714,17362192.5
3/1/2021 0:00,24.719,27.77,24.602,27.735,12363338.92
3/2/2021 0:00,27.739,30.569,27.299,28.51,18476504.01
3/3/2021 0:00,28.511,31.498,28.16,29.854,13482513.18
3/4/2021 0:00,29.848,30.61,27.23,27.721,14937028.95
3/5/2021 0:00,27.722,28.26,25.7,27.862,12958399.59
3/6/2021 0:00,27.857,28.414,26.317,28.166,8069283.74
3/7/2021 0:00,28.166,29.15,27.39,28.603,8615063.49
3/8/2021 0:00,28.603,31.894,28.276,31.892,16035105.16
3/9/2021 0:00,31.881,32.07,30.4,31.539,10415385.51
3/10/2021 0:00,31.547,31.862,29.3,29.919,12469116.78
3/11/2021 0:00,29.92,30.519,28.538,30.175,12944949.94
3/12/2021 0:00,30.172,30.489,27.673,28.393,13438138.42
3/13/2021 0:00,28.396,30.63,26.908,29.8,14088994.14
3/14/2021 0:00,29.813,30.264,28.542,28.57,9545989.23
3/15/2021 0:00,28.561,29.496,26.8,27.525,14876201.55
3/16/2021 0:00,27.513,28.196,26.38,27.947,10097400.06
3/17/2021 0:00,27.945,31.274,27.312,31.095,20277449.06
3/18/2021 0:00,31.096,31.411,29.009,29.444,12141739.22
3/19/2021 0:00,29.435,30.598,28.696,29.806,8601231.44
3/20/2021 0:00,29.807,31.5,29.6,29.687,8901419.39
3/21/2021 0:00,29.691,30.12,28.605,29.25,7093741.23
3/22/2021 0:00,29.249,29.485,27.069,27.286,8800684.56
3/23/2021 0:00,27.283,27.961,26.66,26.802,7717688.8
3/24/2021 0:00,26.803,27.919,23.465,24.872,13681099.51
3/25/2021 0:00,24.876,26.668,24.441,25.561,15043764.97
3/26/2021 0:00,25.561,27.435,25.4,27.422,8471453.39
3/27/2021 0:00,27.419,27.52,26.032,26.913,6106158.74
3/28/2021 0:00,26.909,27.71,26.115,26.687,6591966.78
3/29/2021 0:00,26.686,28.67,26.417,28.06,8988557.46
3/30/2021 0:00,28.06,28.639,27.459,27.865,6669709.33
3/31/2021 0:00,27.86,29.482,26.186,29.479,13508899.38
4/1/2021 0:00,29.475,31.2,29.362,30.107,13934635.26
4/2/2021 0:00,30.113,32.612,29.566,32.552,13258143.45
4/3/2021 0:00,32.546,33.299,29.189,29.322,17330426.38
4/4/2021 0:00,29.329,31.515,28.7,30.791,9891081.87
4/5/2021 0:00,30.789,32.713,29.654,32.459,13313324.55
4/6/2021 0:00,32.457,34.981,31.35,34.775,26296696.94
4/7/2021 0:00,34.777,35.242,30.246,31.149,25012023.39
4/8/2021 0:00,31.151,32.955,30.959,32.821,9779426.77
4/9/2021 0:00,32.819,33.336,31.25,31.639,7912442.84
4/10/2021 0:00,31.64,33.143,30.985,31.95,9318598.42
4/11/2021 0:00,31.949,34.573,31.787,33.964,12824342.83
4/12/2021 0:00,33.961,34.261,31.9,33.168,10338863.09
4/13/2021 0:00,33.163,36.061,32.45,35.592,16752739.15
4/14/2021 0:00,35.593,42.078,34.88,41.434,41009085.88
4/15/2021 0:00,41.436,44.5,39.77,42.625,32562898.67
4/16/2021 0:00,42.633,43.405,38.5,41.993,29767547.46
4/17/2021 0:00,41.995,44.18,39.899,39.977,19613252.21
4/18/2021 0:00,39.978,40.427,29.453,39.103,53812603.13
4/19/2021 0:00,39.103,42.046,34.839,35.771,37136303
4/20/2021 0:00,35.778,39.426,33.223,39,30852438.65
4/21/2021 0:00,38.993,39.509,35.9,36.281,19124888.71
4/22/2021 0:00,36.281,40.919,33.799,35.162,30895363.11
4/23/2021 0:00,35.164,35.983,30,35.217,39289196.73
4/24/2021 0:00,35.226,35.345,31.017,31.254,16217105.74
4/25/2021 0:00,31.256,33.454,29.824,31.697,14853159.13
4/26/2021 0:00,31.697,35.319,31.382,35.151,15079275.62
4/27/2021 0:00,35.151,37.699,34.514,36.805,14114942.26
4/28/2021 0:00,36.805,37.85,34.972,36.275,14061488.45
4/29/2021 0:00,36.286,37.5,35.04,36.513,14163071.36
4/30/2021 0:00,36.512,38.853,35.856,38.142,12259374.16
5/1/2021 0:00,38.142,41.298,37.5,41.298,11757024.98
5/2/2021 0:00,41.298,41.5,38.739,39.502,13594505.11
5/3/2021 0:00,39.501,42.783,39.095,42.12,15455169.85
5/4/2021 0:00,42.127,48.646,38.5,45.544,44132347.81
5/5/2021 0:00,45.574,51.267,44.881,49.664,30775126.85
5/6/2021 0:00,49.664,50.108,45.31,47.184,23548618.05
5/7/2021 0:00,47.192,52.06,45.737,49.175,22360409.27
5/8/2021 0:00,49.179,50.325,46.52,48.666,13185544.23
5/9/2021 0:00,48.666,52.501,45.81,52.311,20277347.29
5/10/2021 0:00,52.312,53.07,40.16,46.341,24843584.24
5/11/2021 0:00,46.361,48.922,44.608,48.831,14420311.8
5/12/2021 0:00,48.828,49.916,40.83,41.609,19792073.19
5/13/2021 0:00,41.633,45,39.158,43.309,22274225.4
5/14/2021 0:00,43.309,47.91,42.936,46.619,11883486.73
5/15/2021 0:00,46.618,47.867,41.021,41.53,15235392.21
5/16/2021 0:00,41.531,44.703,37.989,40.696,17326913.75
5/17/2021 0:00,40.693,40.716,35.08,37.203,22441073.04
5/18/2021 0:00,37.198,44.698,36.677,42.6,22650164.44
5/19/2021 0:00,42.604,43.549,19.541,26.249,53720729.37
5/20/2021 0:00,26.222,33.019,22.366,30.631,38770360.75
5/21/2021 0:00,30.645,31.969,22.047,25.552,27649538.76
5/22/2021 0:00,25.549,26.206,22.218,23.3,21454739.41
5/23/2021 0:00,23.302,24.363,14.98,19.836,43279753.13
5/24/2021 0:00,19.839,26.42,19.655,26.404,29457902.52
5/25/2021 0:00,26.404,27.646,23.662,27.517,24673923.86
5/26/2021 0:00,27.514,34.293,26.831,34.004,29338106.41
5/27/2021 0:00,34.011,35.343,30.052,31.722,27842710.37
5/28/2021 0:00,31.732,32.168,26.808,27.866,31791079.47
5/29/2021 0:00,27.872,29.734,24.12,25.365,11852877.57
5/30/2021 0:00,25.377,29.168,23.7,26.818,11581989.14
5/31/2021 0:00,26.813,32.159,25.555,32.098,11530173.54
6/1/2021 0:00,32.098,32.65,29.035,30.719,8541347.958
6/2/2021 0:00,30.729,32.218,29.669,30.67,6690371.855
6/3/2021 0:00,30.669,32.856,30,32.198,7153659.069
6/4/2021 0:00,32.199,32.267,27.172,28.826,11814359.67
6/5/2021 0:00,28.829,30.186,26.044,27.129,8061770.985
6/6/2021 0:00,27.127,28.19,26.818,27.532,4103120.692
6/7/2021 0:00,27.53,28.693,24.234,24.584,7596956.78
6/8/2021 0:00,24.574,25.098,21.334,24.076,12541378
6/9/2021 0:00,24.079,25.626,22.441,25.585,10774426.55
6/10/2021 0:00,25.589,25.78,22.721,23.114,8528580.189
6/11/2021 0:00,23.117,23.374,21,21.478,7708441.111
6/12/2021 0:00,21.475,22.287,20,21.67,8866594.23
6/13/2021 0:00,21.671,23.886,20.396,23.312,8518777.758
6/14/2021 0:00,23.314,25.28,22.837,24.973,8601439.911
6/15/2021 0:00,24.967,26.458,24.376,24.482,7591140.11
6/16/2021 0:00,24.48,24.64,22.918,23.044,7504910.032
6/17/2021 0:00,23.042,24.445,22.81,23.396,5252377.095
6/18/2021 0:00,23.401,23.425,20.526,21.233,6991986.015
6/19/2021 0:00,21.236,21.95,20,20.246,5051884.872
6/20/2021 0:00,20.263,22.071,19.077,21.646,6747456.736
6/21/2021 0:00,21.641,21.881,16.981,17.365,16334287.91
6/22/2021 0:00,17.357,18.797,15,16.85,19816152.57
6/23/2021 0:00,16.84,19.199,16.149,18.395,10955575.37
6/24/2021 0:00,18.393,19.525,17.352,19.06,6913929.289
6/25/2021 0:00,19.06,19.5,16.813,16.87,10064722.52
6/26/2021 0:00,16.872,17.495,15.92,16.952,8397555.9
6/27/2021 0:00,16.951,18.412,16.591,18.406,6672229.029
6/28/2021 0:00,18.407,19.434,17.902,18.83,7730969.378
6/29/2021 0:00,18.83,20.546,18.752,19.535,7920272.502
6/30/2021 0:00,19.531,19.776,18.149,19.516,7407061.566
7/1/2021 0:00,19.517,19.533,17.603,18.186,6081147.359
7/2/2021 0:00,18.184,18.523,17.256,18.274,5454370.72
7/3/2021 0:00,18.277,18.894,17.864,18.543,3457947.186
7/4/2021 0:00,18.543,19.925,18.002,19.242,4719545.203
7/5/2021 0:00,19.238,19.242,17.767,18.362,5293286.65
7/6/2021 0:00,18.364,20.271,18.317,20.073,8365971.342
7/7/2021 0:00,20.073,21.274,19.62,19.788,7382310.549
7/8/2021 0:00,19.786,19.873,18.138,18.353,7810651.198
7/9/2021 0:00,18.365,18.877,17.617,18.656,5274715.584
7/10/2021 0:00,18.656,18.988,17.734,18.204,4080693.184
7/11/2021 0:00,18.209,18.581,17.861,18.383,2750998.477
7/12/2021 0:00,18.382,18.609,17,17.518,3787713.432
7/13/2021 0:00,17.514,17.766,16.663,16.87,3654707.118
7/14/2021 0:00,16.873,17.419,16.014,16.936,5451319.438
7/15/2021 0:00,16.936,17.238,15.517,15.764,6244804.485
7/16/2021 0:00,15.764,16.33,15.125,15.234,5213696.453
7/17/2021 0:00,15.234,15.678,15.02,15.352,5177561.722
7/18/2021 0:00,15.352,16.078,15.155,15.47,3946695.121
7/19/2021 0:00,15.475,15.641,14.404,14.528,5829694.304
7/20/2021 0:00,14.529,14.783,13.384,13.742,7700512.325
7/21/2021 0:00,13.744,15.797,13.46,15.297,8493449.369
7/22/2021 0:00,15.3,16.176,14.961,16.071,5864766.171
7/23/2021 0:00,16.073,16.572,15.23,16.502,5208073.46
7/24/2021 0:00,16.507,17.132,16.307,16.683,5410931.847
7/25/2021 0:00,16.687,17.062,16.156,16.746,4708980.418
7/26/2021 0:00,16.745,19.958,16.662,18.028,14210837.67
7/27/2021 0:00,18.03,19.58,17.602,19.489,8327513.617
7/28/2021 0:00,19.483,19.987,18.611,19.109,7596790.315
7/29/2021 0:00,19.106,19.472,18.608,19.37,4161840.776
7/30/2021 0:00,19.372,22.666,18.823,22.269,12896563.78
7/31/2021 0:00,22.269,23.375,21.266,22.713,7637055.914
8/1/2021 0:00,22.722,23.94,21.789,22.062,8728644.337
8/2/2021 0:00,22.065,23.975,21.401,23.472,7225124.74
8/3/2021 0:00,23.474,24.431,22.039,23.942,9465472.392
8/4/2021 0:00,23.942,25,22.869,24.193,8225660.808
8/5/2021 0:00,24.188,24.335,22.468,24.057,7144781.467
8/6/2021 0:00,24.051,24.391,22.996,23.89,7433704.425
8/7/2021 0:00,23.889,25.157,23.626,24.694,6218217.158
8/8/2021 0:00,24.688,24.946,22.565,23.029,5179399.165
8/9/2021 0:00,23.026,24.691,22.072,24.197,5994876.946
8/10/2021 0:00,24.198,25.518,23.736,24.537,6592102.333
8/11/2021 0:00,24.536,27.313,24.459,25.906,7843592.877
8/12/2021 0:00,25.902,26.902,24.085,24.944,6385288.818
8/13/2021 0:00,24.941,27.771,24.715,27.748,4895829.581
8/14/2021 0:00,27.748,27.955,26.371,27.144,5869978.184
8/15/2021 0:00,27.139,27.983,25.901,27.901,4492523.836
8/16/2021 0:00,27.901,30.51,27.638,27.944,9364186.799
8/17/2021 0:00,27.95,30.299,25.881,26.146,9870163.634
8/18/2021 0:00,26.145,26.922,24.847,25.341,8437887.642
8/19/2021 0:00,25.341,27.132,24.479,27.096,7978787.57
8/20/2021 0:00,27.101,29.048,26.647,28.678,6765096.705
8/21/2021 0:00,28.681,29.156,27.648,27.844,5165729.464
8/22/2021 0:00,27.85,28.663,26.785,27.982,4266944.356
8/23/2021 0:00,27.981,28.138,27.915,28.084,110092.027
