,Open,High,Low,Close,Volume 
4/26/2019 0:00,0.00263,0.01052,0.00263,0.00545,2251813334
4/27/2019 0:00,0.00543,0.00586,0.00516,0.00521,440339020
4/28/2019 0:00,0.00521,0.00527,0.00434,0.00442,457183971.5
4/29/2019 0:00,0.00442,0.00456,0.00343,0.00347,520557584.6
4/30/2019 0:00,0.00346,0.00516,0.00346,0.00442,1165706894
5/1/2019 0:00,0.00442,0.00464,0.00402,0.00432,650430750
5/2/2019 0:00,0.00432,0.00468,0.0041,0.00419,270118878.8
5/3/2019 0:00,0.00419,0.0044,0.00394,0.00423,279265819.7
5/4/2019 0:00,0.00423,0.00425,0.00381,0.00397,151436176.6
5/5/2019 0:00,0.00396,0.00406,0.00359,0.00372,161357630.8
5/6/2019 0:00,0.00371,0.00392,0.0035,0.00373,270695596.4
5/7/2019 0:00,0.00374,0.00385,0.00333,0.00336,172934704.9
5/8/2019 0:00,0.00335,0.00348,0.00328,0.00333,154227974.6
5/9/2019 0:00,0.00336,0.00341,0.00303,0.00314,211829251.9
5/10/2019 0:00,0.00313,0.00388,0.00312,0.00378,408703745.6
5/11/2019 0:00,0.00379,0.00505,0.00371,0.0046,688249967.8
5/12/2019 0:00,0.00462,0.00572,0.00444,0.0053,1166562753
5/13/2019 0:00,0.00529,0.0092,0.00516,0.00868,2877309846
5/14/2019 0:00,0.00864,0.0112,0.00718,0.0078,3861464345
5/15/2019 0:00,0.00777,0.01,0.00705,0.00956,1803273014
5/16/2019 0:00,0.00957,0.01205,0.00826,0.01087,2158935027
5/17/2019 0:00,0.01086,0.01507,0.00921,0.01455,4397262356
5/18/2019 0:00,0.01456,0.01489,0.01205,0.01235,1670915898
5/19/2019 0:00,0.01235,0.02069,0.01226,0.02018,2909833093
5/20/2019 0:00,0.02016,0.035,0.01833,0.0295,4959586016
5/21/2019 0:00,0.02937,0.045,0.02438,0.02953,7216196146
5/22/2019 0:00,0.0295,0.0317,0.0205,0.02209,4411472530
5/23/2019 0:00,0.02215,0.03401,0.02143,0.02739,5742350972
5/24/2019 0:00,0.02736,0.0287,0.02265,0.02529,2439816666
5/25/2019 0:00,0.02527,0.02835,0.02302,0.02475,2092787379
5/26/2019 0:00,0.02482,0.02725,0.02305,0.02419,1308601539
5/27/2019 0:00,0.02417,0.02478,0.02076,0.02235,1191302945
5/28/2019 0:00,0.02232,0.0254,0.02102,0.0238,1527919637
5/29/2019 0:00,0.02379,0.02487,0.02207,0.02212,860955448.6
5/30/2019 0:00,0.02213,0.0233,0.01824,0.01972,1037590834
5/31/2019 0:00,0.01972,0.02299,0.01939,0.02216,1075501624
6/1/2019 0:00,0.02216,0.02289,0.02067,0.02104,963080818.8
6/2/2019 0:00,0.02107,0.02221,0.01961,0.02012,514773376.3
6/3/2019 0:00,0.02012,0.02099,0.01873,0.01911,515148781
6/4/2019 0:00,0.01911,0.02198,0.0178,0.02139,1436021143
6/5/2019 0:00,0.0214,0.02361,0.01954,0.02285,1684301209
6/6/2019 0:00,0.0229,0.02514,0.0215,0.02361,1610958058
6/7/2019 0:00,0.02361,0.02488,0.02231,0.02426,581785344.2
6/8/2019 0:00,0.02429,0.02662,0.0233,0.02583,892055754
6/9/2019 0:00,0.02583,0.0276,0.02431,0.02537,1037582797
6/10/2019 0:00,0.02537,0.02735,0.02388,0.02698,861155174.4
6/11/2019 0:00,0.02701,0.02706,0.02332,0.0239,652982968.7
6/12/2019 0:00,0.0239,0.02525,0.02281,0.02305,680341982.3
6/13/2019 0:00,0.02304,0.02475,0.02221,0.0231,1130423132
6/14/2019 0:00,0.02314,0.0233,0.019,0.02055,658163305.3
6/15/2019 0:00,0.02053,0.02295,0.02053,0.02179,659353874.4
6/16/2019 0:00,0.02179,0.0228,0.02063,0.0224,648967789.4
6/17/2019 0:00,0.02239,0.02385,0.02122,0.02175,567072821.4
6/18/2019 0:00,0.02175,0.02289,0.02122,0.02247,650343325.3
6/19/2019 0:00,0.02249,0.0244,0.02233,0.02309,1270664877
6/20/2019 0:00,0.02307,0.02376,0.02178,0.02241,684710485.3
6/21/2019 0:00,0.02242,0.02343,0.02061,0.021,1001459458
6/22/2019 0:00,0.02103,0.02276,0.0205,0.02194,1239942559
6/23/2019 0:00,0.02193,0.02238,0.02078,0.02104,942419639.9
6/24/2019 0:00,0.02104,0.02169,0.02,0.02072,290258602.6
6/25/2019 0:00,0.02072,0.02072,0.01903,0.0192,364473706.3
6/26/2019 0:00,0.0192,0.0195,0.01639,0.01795,826569793.3
6/27/2019 0:00,0.01788,0.02168,0.01723,0.01942,952899255.4
6/28/2019 0:00,0.01948,0.02116,0.01905,0.0192,490034713.7
6/29/2019 0:00,0.01925,0.02656,0.01922,0.02412,1290963508
6/30/2019 0:00,0.02407,0.0269,0.02201,0.02217,1018619377
7/1/2019 0:00,0.02218,0.02313,0.02009,0.02238,549433910.1
7/2/2019 0:00,0.02238,0.02265,0.01952,0.02002,394132210.2
7/3/2019 0:00,0.01998,0.02041,0.01857,0.0193,402571000
7/4/2019 0:00,0.01926,0.0193,0.017,0.01797,378345924.9
7/5/2019 0:00,0.01797,0.01958,0.0176,0.01811,245911827.1
7/6/2019 0:00,0.01811,0.01844,0.0175,0.01768,101526675.6
7/7/2019 0:00,0.01768,0.0184,0.01712,0.01759,138660572.1
7/8/2019 0:00,0.01761,0.01767,0.0165,0.01664,219596457.6
7/9/2019 0:00,0.01664,0.01722,0.01505,0.01622,309295834.9
7/10/2019 0:00,0.01622,0.01748,0.01477,0.0161,437375040.3
7/11/2019 0:00,0.01612,0.01687,0.01418,0.01442,264561118.6
7/12/2019 0:00,0.01443,0.0165,0.01409,0.0157,248278116.1
7/13/2019 0:00,0.0157,0.01778,0.01515,0.01662,433122420.4
7/14/2019 0:00,0.01664,0.01745,0.01417,0.01431,296945768.7
7/15/2019 0:00,0.01431,0.01435,0.01288,0.01386,195436667.1
7/16/2019 0:00,0.01385,0.01459,0.0118,0.01206,258587967.7
7/17/2019 0:00,0.01202,0.014,0.01163,0.01316,252450983.1
7/18/2019 0:00,0.01314,0.01425,0.0125,0.01362,224879379.3
7/19/2019 0:00,0.01365,0.01392,0.01317,0.01337,82349270
7/20/2019 0:00,0.01343,0.01448,0.01322,0.0139,104993002.1
7/21/2019 0:00,0.01395,0.01409,0.0131,0.01345,51976782.7
7/22/2019 0:00,0.01346,0.0136,0.0124,0.01272,67716133.2
7/23/2019 0:00,0.01278,0.01282,0.01145,0.01154,104242721.3
7/24/2019 0:00,0.01146,0.01249,0.01109,0.01193,96196226.9
7/25/2019 0:00,0.01191,0.01279,0.0119,0.01218,90884427.6
7/26/2019 0:00,0.01218,0.01298,0.0119,0.01277,87262445.6
7/27/2019 0:00,0.01275,0.01327,0.01173,0.01198,86377810.4
7/28/2019 0:00,0.01198,0.01216,0.01124,0.01179,57836881.2
7/29/2019 0:00,0.01173,0.01196,0.01126,0.01133,50457970.7
7/30/2019 0:00,0.01135,0.01168,0.011,0.01157,53295692.4
7/31/2019 0:00,0.01151,0.01166,0.01112,0.01131,77499188.1
8/1/2019 0:00,0.01134,0.01154,0.01055,0.01062,111946706.8
8/2/2019 0:00,0.01061,0.01155,0.01041,0.01109,144581652.3
8/3/2019 0:00,0.01109,0.0114,0.01058,0.01062,90599072.9
8/4/2019 0:00,0.01062,0.01099,0.01013,0.01022,99736984.5
8/5/2019 0:00,0.01022,0.01293,0.00951,0.01169,718163052.7
8/6/2019 0:00,0.01168,0.01736,0.01164,0.01531,1705674411
8/7/2019 0:00,0.01531,0.02063,0.01531,0.01666,1977529842
8/8/2019 0:00,0.01669,0.01764,0.01416,0.01453,887359062.8
8/9/2019 0:00,0.01444,0.01486,0.0121,0.01218,567134284.2
8/10/2019 0:00,0.01215,0.01549,0.01213,0.01497,819362182.3
8/11/2019 0:00,0.01501,0.0187,0.01402,0.01603,1195445043
8/12/2019 0:00,0.01609,0.0182,0.01582,0.01691,839532697.5
8/13/2019 0:00,0.01692,0.01725,0.01502,0.01682,643086628.6
8/14/2019 0:00,0.01682,0.01737,0.01454,0.01475,673891620.9
8/15/2019 0:00,0.01475,0.01566,0.0142,0.01455,365523090.1
8/16/2019 0:00,0.01458,0.01472,0.01316,0.0133,333896356.1
8/17/2019 0:00,0.0133,0.0148,0.01322,0.01417,286427641.9
8/18/2019 0:00,0.01416,0.01455,0.0136,0.0139,211127169.5
8/19/2019 0:00,0.01393,0.01594,0.01384,0.01542,438255057.4
8/20/2019 0:00,0.01543,0.01599,0.01481,0.01578,306085526.1
8/21/2019 0:00,0.01582,0.01597,0.01442,0.01547,344245407.3
8/22/2019 0:00,0.01551,0.01713,0.01465,0.01672,488617075.7
8/23/2019 0:00,0.0167,0.01736,0.01495,0.01534,360555621
8/24/2019 0:00,0.01536,0.01545,0.0142,0.01483,305267605.2
8/25/2019 0:00,0.01483,0.01496,0.01355,0.01373,151830261.6
8/26/2019 0:00,0.01368,0.01473,0.01366,0.01392,162985868.3
8/27/2019 0:00,0.01391,0.0149,0.01372,0.01416,178712745
8/28/2019 0:00,0.01417,0.01461,0.01275,0.01291,166959782.2
8/29/2019 0:00,0.01291,0.01291,0.01148,0.01168,148121402.9
8/30/2019 0:00,0.01168,0.01245,0.01155,0.01232,109461152.5
8/31/2019 0:00,0.01232,0.01234,0.01132,0.01177,70188124.4
9/1/2019 0:00,0.01175,0.01236,0.01152,0.01217,70966390.6
9/2/2019 0:00,0.01225,0.01395,0.01202,0.01378,221181128.9
9/3/2019 0:00,0.01374,0.015,0.01275,0.01433,236492770.3
9/4/2019 0:00,0.01431,0.01457,0.01381,0.0141,135373752.1
9/5/2019 0:00,0.01411,0.0152,0.01403,0.01487,215593248.6
9/6/2019 0:00,0.01487,0.01491,0.0134,0.01358,204994676.4
9/7/2019 0:00,0.01356,0.01408,0.01347,0.01379,85406834.3
9/8/2019 0:00,0.01378,0.01401,0.01364,0.01387,56146893.1
9/9/2019 0:00,0.01387,0.01464,0.01297,0.0141,209711539.9
9/10/2019 0:00,0.0141,0.01438,0.01319,0.0135,95787661
9/11/2019 0:00,0.01351,0.01372,0.01285,0.0131,92349749.8
9/12/2019 0:00,0.0131,0.01316,0.0125,0.01296,80307156.9
9/13/2019 0:00,0.01294,0.01322,0.01267,0.01293,44860625
9/14/2019 0:00,0.01293,0.01344,0.01284,0.01305,48470841.6
9/15/2019 0:00,0.01304,0.01324,0.01259,0.01283,56612198.1
9/16/2019 0:00,0.01283,0.013,0.01251,0.0129,56442517.6
9/17/2019 0:00,0.0129,0.01388,0.01276,0.01348,96218969.6
9/18/2019 0:00,0.01347,0.01486,0.01335,0.01432,300820774.4
9/19/2019 0:00,0.01432,0.01443,0.01291,0.01366,198458620.2
9/20/2019 0:00,0.01374,0.01388,0.01338,0.01363,56120816.5
9/21/2019 0:00,0.01362,0.01366,0.01313,0.01331,48485065.1
9/22/2019 0:00,0.01335,0.01336,0.01234,0.01252,83065792.8
9/23/2019 0:00,0.01252,0.01305,0.01215,0.01224,64180261.9
9/24/2019 0:00,0.01219,0.01348,0.0105,0.01088,270931468.1
9/25/2019 0:00,0.01095,0.0118,0.01037,0.01098,156085317.8
9/26/2019 0:00,0.01096,0.01153,0.01,0.01059,124237242.6
9/27/2019 0:00,0.01067,0.011,0.01033,0.01082,75524737
9/28/2019 0:00,0.01082,0.01136,0.01073,0.01121,137111918
9/29/2019 0:00,0.01123,0.01128,0.01062,0.01087,74017670.6
9/30/2019 0:00,0.01087,0.0111,0.01001,0.0109,163662456
10/1/2019 0:00,0.01089,0.01112,0.01055,0.01069,110743093
10/2/2019 0:00,0.01065,0.01097,0.01047,0.01081,68962300.2
10/3/2019 0:00,0.01081,0.01092,0.01039,0.01054,48399668.7
10/4/2019 0:00,0.01055,0.01074,0.01031,0.01055,48311449.9
10/5/2019 0:00,0.01055,0.01064,0.01038,0.01048,39459278
10/6/2019 0:00,0.01048,0.01059,0.01005,0.01016,65066229.1
10/7/2019 0:00,0.01013,0.01112,0.01003,0.01091,206810304.9
10/8/2019 0:00,0.0109,0.0128,0.01067,0.01244,341305266.5
10/9/2019 0:00,0.01243,0.0145,0.0123,0.01444,552149785.6
10/10/2019 0:00,0.01444,0.0171,0.01338,0.0161,507302441.1
10/11/2019 0:00,0.0161,0.01766,0.01529,0.0158,776515586
10/12/2019 0:00,0.0158,0.0165,0.01452,0.01555,495026909.4
10/13/2019 0:00,0.01555,0.01568,0.01408,0.01494,225545366
10/14/2019 0:00,0.01493,0.01672,0.01485,0.01522,475384929.1
10/15/2019 0:00,0.01523,0.01539,0.01411,0.01437,240211695.5
10/16/2019 0:00,0.01434,0.01447,0.01283,0.01386,255790740
10/17/2019 0:00,0.01386,0.01458,0.01348,0.01425,183009067.3
10/18/2019 0:00,0.01425,0.01443,0.013,0.01334,190539827.5
10/19/2019 0:00,0.01333,0.01389,0.01302,0.01376,136027755.2
10/20/2019 0:00,0.01376,0.01403,0.0132,0.01376,127160718.2
10/21/2019 0:00,0.0138,0.01516,0.01354,0.01491,336082470.1
10/22/2019 0:00,0.01491,0.01533,0.0143,0.01443,242262152.9
10/23/2019 0:00,0.01443,0.01463,0.01259,0.01326,332302515.9
10/24/2019 0:00,0.01322,0.01383,0.01289,0.01338,176823245.6
10/25/2019 0:00,0.01338,0.01474,0.013,0.01435,319745672.8
10/26/2019 0:00,0.01438,0.01489,0.01316,0.01348,381110868.1
10/27/2019 0:00,0.01348,0.01464,0.01333,0.01402,250305672.5
10/28/2019 0:00,0.01403,0.01515,0.01391,0.01398,299848970.2
10/29/2019 0:00,0.01399,0.01443,0.01378,0.01409,176630436.1
10/30/2019 0:00,0.01409,0.01414,0.01326,0.0134,128502634.1
10/31/2019 0:00,0.01341,0.01388,0.01324,0.0136,104160241.7
11/1/2019 0:00,0.0136,0.01406,0.01336,0.01377,91318676.4
11/2/2019 0:00,0.01377,0.0139,0.0134,0.01353,78503532.2
11/3/2019 0:00,0.01354,0.01373,0.01329,0.01354,73641398.4
11/4/2019 0:00,0.01354,0.01461,0.01351,0.01432,233424567
11/5/2019 0:00,0.01428,0.01514,0.01395,0.0147,267620780.1
11/6/2019 0:00,0.01465,0.01486,0.0143,0.01447,150238377.9
11/7/2019 0:00,0.01446,0.01542,0.01421,0.01512,237761244.4
11/8/2019 0:00,0.01512,0.01546,0.01379,0.01432,236014058.8
11/9/2019 0:00,0.01432,0.01523,0.01428,0.01491,162345921.6
11/10/2019 0:00,0.01489,0.016,0.01479,0.01571,158166163.2
11/11/2019 0:00,0.01572,0.01593,0.01449,0.01541,210005980.4
11/12/2019 0:00,0.01543,0.01563,0.0145,0.01487,184608022
11/13/2019 0:00,0.01492,0.01517,0.01454,0.01493,82189698.9
11/14/2019 0:00,0.01495,0.01502,0.01423,0.01443,90633111.8
11/15/2019 0:00,0.01442,0.0145,0.01356,0.01381,117032450.9
11/16/2019 0:00,0.01381,0.01445,0.01369,0.01445,89273621.2
11/17/2019 0:00,0.01445,0.01478,0.01403,0.01432,96618076.9
11/18/2019 0:00,0.0143,0.01449,0.01361,0.01404,73760874.5
11/19/2019 0:00,0.01404,0.0151,0.01359,0.01484,216103098
11/20/2019 0:00,0.01485,0.01502,0.01414,0.01434,189958223.7
11/21/2019 0:00,0.01433,0.01457,0.01332,0.01425,175568196.9
11/22/2019 0:00,0.01427,0.0144,0.01215,0.01403,348609438.9
11/23/2019 0:00,0.01406,0.0169,0.01368,0.01662,529613232.2
11/24/2019 0:00,0.01662,0.0177,0.01504,0.01515,574517033.2
11/25/2019 0:00,0.01509,0.02166,0.01485,0.02094,1064902275
11/26/2019 0:00,0.02094,0.02295,0.01994,0.02171,857771499.4
11/27/2019 0:00,0.02171,0.025,0.02027,0.02459,756927193
11/28/2019 0:00,0.02458,0.0258,0.02221,0.02267,505162238.2
11/29/2019 0:00,0.02265,0.02517,0.0225,0.02451,335527815.5
11/30/2019 0:00,0.02448,0.0296,0.02411,0.0289,701996285.6
12/1/2019 0:00,0.02891,0.02894,0.02613,0.02661,472083696.7
12/2/2019 0:00,0.02661,0.02728,0.02484,0.02637,372402095.2
12/3/2019 0:00,0.02637,0.03116,0.02636,0.02915,597316823.7
12/4/2019 0:00,0.0292,0.03267,0.02776,0.0318,489105070.5
12/5/2019 0:00,0.03182,0.03447,0.03133,0.03316,512467200.1
12/6/2019 0:00,0.03308,0.04198,0.03225,0.04136,689580569.5
12/7/2019 0:00,0.04146,0.04195,0.03712,0.03889,571914982.2
12/8/2019 0:00,0.03879,0.0427,0.03806,0.0415,381082933.8
12/9/2019 0:00,0.04149,0.04269,0.03343,0.03425,609748021.5
12/10/2019 0:00,0.03424,0.03483,0.01124,0.01725,6142136748
12/11/2019 0:00,0.01726,0.01956,0.01695,0.01794,1392393468
12/12/2019 0:00,0.01794,0.01813,0.01532,0.01572,1229731086
12/13/2019 0:00,0.01571,0.01686,0.0156,0.01603,607539258.8
12/14/2019 0:00,0.01603,0.01627,0.01319,0.01359,943749247.8
12/15/2019 0:00,0.0136,0.01465,0.01316,0.01422,1000674253
12/16/2019 0:00,0.01421,0.01462,0.0129,0.0132,947149789
12/17/2019 0:00,0.0132,0.0133,0.0117,0.01208,897035940.3
12/18/2019 0:00,0.0121,0.0135,0.01126,0.0127,954915615.9
12/19/2019 0:00,0.01271,0.01315,0.01221,0.01314,434280462.2
12/20/2019 0:00,0.01314,0.01585,0.01312,0.01557,1683680306
12/21/2019 0:00,0.01555,0.0184,0.0152,0.01798,1560964124
12/22/2019 0:00,0.01798,0.01998,0.015,0.01614,2208662697
12/23/2019 0:00,0.01614,0.01628,0.01463,0.01508,1116971022
12/24/2019 0:00,0.01508,0.01619,0.01476,0.01613,603164613
12/25/2019 0:00,0.01613,0.01698,0.0151,0.01564,692544947.7
12/26/2019 0:00,0.01562,0.01635,0.01525,0.01566,394179878.7
12/27/2019 0:00,0.01563,0.01585,0.01451,0.01518,348584709
12/28/2019 0:00,0.01519,0.01546,0.01492,0.01494,167633035
12/29/2019 0:00,0.01494,0.01539,0.01455,0.01474,286595877.4
12/30/2019 0:00,0.01473,0.01496,0.0142,0.01427,182360796.3
12/31/2019 0:00,0.01428,0.01451,0.01366,0.01379,220977375.5
1/1/2020 0:00,0.01379,0.0155,0.01375,0.01496,491078226.7
1/2/2020 0:00,0.01498,0.01578,0.01428,0.01467,633705645.2
1/3/2020 0:00,0.01466,0.01543,0.01417,0.01512,381462323.7
1/4/2020 0:00,0.01513,0.01549,0.01473,0.01484,230291045.9
1/5/2020 0:00,0.01482,0.01516,0.01464,0.01483,185917300.1
1/6/2020 0:00,0.01482,0.01595,0.01476,0.01554,398548143.9
1/7/2020 0:00,0.01556,0.01569,0.01476,0.01509,372258630.1
1/8/2020 0:00,0.01508,0.01532,0.01469,0.01499,333818052.2
1/9/2020 0:00,0.015,0.01514,0.01442,0.01459,179884184.1
1/10/2020 0:00,0.01459,0.01497,0.01423,0.01486,211672984.3
1/11/2020 0:00,0.01486,0.0151,0.01471,0.01479,178764052.8
1/12/2020 0:00,0.01478,0.0152,0.01466,0.01496,147803317.8
1/13/2020 0:00,0.01497,0.01565,0.01476,0.01548,227352720.2
1/14/2020 0:00,0.01548,0.01605,0.0152,0.01564,508533400.1
1/15/2020 0:00,0.01563,0.01704,0.01546,0.01639,454172196.7
1/16/2020 0:00,0.0164,0.01645,0.01542,0.01614,375117135.8
1/17/2020 0:00,0.01613,0.01926,0.01576,0.0187,1188281610
1/18/2020 0:00,0.0187,0.01886,0.01721,0.01748,408909989.5
1/19/2020 0:00,0.01747,0.01779,0.01584,0.01643,380894731.6
1/20/2020 0:00,0.01644,0.01723,0.01602,0.01685,256003406.3
1/21/2020 0:00,0.01686,0.01745,0.01616,0.01713,294705404.1
1/22/2020 0:00,0.01715,0.01724,0.01672,0.01708,172091173.6
1/23/2020 0:00,0.0171,0.01711,0.01569,0.01605,249820107.7
1/24/2020 0:00,0.01605,0.01646,0.01531,0.01622,189090063.3
1/25/2020 0:00,0.01622,0.01642,0.01576,0.01602,153695842.3
1/26/2020 0:00,0.016,0.01666,0.01592,0.01645,139815455.5
1/27/2020 0:00,0.01648,0.01737,0.01647,0.0169,265267740
1/28/2020 0:00,0.0169,0.01735,0.01649,0.01714,292710824.5
1/29/2020 0:00,0.01715,0.01725,0.01673,0.01704,229198524.6
1/30/2020 0:00,0.01704,0.01871,0.01685,0.01859,528836868.5
1/31/2020 0:00,0.01859,0.01885,0.01769,0.01795,309411929
2/1/2020 0:00,0.0179,0.01842,0.0178,0.01829,138733238.4
2/2/2020 0:00,0.01829,0.0197,0.0178,0.01903,346032953.9
2/3/2020 0:00,0.01903,0.0225,0.01886,0.02199,980888883.3
2/4/2020 0:00,0.02199,0.02266,0.0202,0.02098,877010051.4
2/5/2020 0:00,0.02102,0.02223,0.02077,0.02155,570440728.9
2/6/2020 0:00,0.02154,0.02492,0.0215,0.02449,847034282.2
2/7/2020 0:00,0.02448,0.02518,0.0228,0.023,702031749.5
2/8/2020 0:00,0.023,0.02305,0.01945,0.02123,1047837209
2/9/2020 0:00,0.02121,0.0223,0.0207,0.02197,513940247.7
2/10/2020 0:00,0.0219,0.0223,0.02028,0.02159,530686843
2/11/2020 0:00,0.02157,0.02292,0.02081,0.0229,389524777.3
2/12/2020 0:00,0.02291,0.02455,0.0224,0.0228,780105062.9
2/13/2020 0:00,0.02282,0.02373,0.02172,0.02233,524733065.9
2/14/2020 0:00,0.02232,0.02383,0.02217,0.02326,441396099.5
2/15/2020 0:00,0.02327,0.02372,0.02,0.0209,589342906
2/16/2020 0:00,0.02091,0.02181,0.01859,0.02011,656256013.6
2/17/2020 0:00,0.02009,0.02022,0.01876,0.02009,407746218.3
2/18/2020 0:00,0.0201,0.02196,0.01966,0.02151,396611373.3
2/19/2020 0:00,0.02154,0.022,0.01925,0.01996,218514631.8
2/20/2020 0:00,0.01994,0.02073,0.01905,0.02071,231860140.1
2/21/2020 0:00,0.02068,0.0219,0.02028,0.02074,323094839.5
2/22/2020 0:00,0.02075,0.02115,0.02027,0.02076,154701488.2
2/23/2020 0:00,0.02076,0.023,0.02072,0.02229,368782509.5
2/24/2020 0:00,0.02228,0.02236,0.02,0.02078,334945077.3
2/25/2020 0:00,0.02075,0.02083,0.01868,0.01907,447437214.5
2/26/2020 0:00,0.01903,0.01947,0.01676,0.01841,473199920
2/27/2020 0:00,0.01842,0.0199,0.01746,0.01962,436872082.7
2/28/2020 0:00,0.01964,0.02043,0.01786,0.0202,455674502.3
2/29/2020 0:00,0.0202,0.0212,0.01981,0.02015,384070131
3/1/2020 0:00,0.02015,0.02108,0.01874,0.01935,419621195.6
3/2/2020 0:00,0.01934,0.02168,0.01901,0.02144,379683878.3
3/3/2020 0:00,0.02145,0.024,0.02047,0.02344,618780337.3
3/4/2020 0:00,0.02344,0.02737,0.02339,0.02511,1276187447
3/5/2020 0:00,0.02511,0.02796,0.02495,0.02639,899694395.6
3/6/2020 0:00,0.02636,0.02644,0.0243,0.02497,619002834.4
3/7/2020 0:00,0.02498,0.02922,0.02491,0.02679,986883714.8
3/8/2020 0:00,0.02679,0.0268,0.021,0.02143,945593045.1
3/9/2020 0:00,0.02148,0.02261,0.01867,0.02053,1257378101
3/10/2020 0:00,0.02053,0.02239,0.01988,0.02061,1046480525
3/11/2020 0:00,0.0206,0.02149,0.01723,0.01899,1133107149
3/12/2020 0:00,0.01898,0.01921,0.00845,0.00914,1745672785
3/13/2020 0:00,0.00935,0.01208,0.00632,0.01087,1501085365
3/14/2020 0:00,0.01082,0.01137,0.00952,0.00983,488809312.8
3/15/2020 0:00,0.00983,0.0115,0.00939,0.00986,568797501
3/16/2020 0:00,0.00986,0.00986,0.00674,0.00813,1111508587
3/17/2020 0:00,0.00815,0.00988,0.00797,0.00921,757899922.6
3/18/2020 0:00,0.00921,0.0093,0.0081,0.00912,713721987.3
3/19/2020 0:00,0.00913,0.01187,0.00896,0.01121,1066368718
3/20/2020 0:00,0.01122,0.0129,0.0096,0.01085,1011394443
3/21/2020 0:00,0.01085,0.01239,0.01,0.01121,646956811.7
3/22/2020 0:00,0.01119,0.01167,0.00983,0.01005,482278540.1
3/23/2020 0:00,0.01005,0.01152,0.00981,0.01114,458237815.9
3/24/2020 0:00,0.01117,0.01193,0.01078,0.01126,494571328.5
3/25/2020 0:00,0.01126,0.01163,0.01071,0.01147,354205387.7
3/26/2020 0:00,0.01147,0.01218,0.01128,0.01187,414075934.2
3/27/2020 0:00,0.01187,0.0122,0.01055,0.01076,282245581
3/28/2020 0:00,0.01078,0.0108,0.01,0.01062,345466205.3
3/29/2020 0:00,0.01063,0.01068,0.01001,0.01001,222731290.8
3/30/2020 0:00,0.01001,0.01113,0.01001,0.01068,288831345.2
3/31/2020 0:00,0.01068,0.01125,0.01063,0.01097,207916536.5
4/1/2020 0:00,0.01099,0.0114,0.01049,0.01122,406047767.2
4/2/2020 0:00,0.01123,0.01218,0.01115,0.01153,481322653.3
4/3/2020 0:00,0.01153,0.01199,0.01123,0.01158,256655936.7
4/4/2020 0:00,0.01157,0.01194,0.01132,0.01171,234563845.1
4/5/2020 0:00,0.0117,0.01175,0.01125,0.01142,202395294.4
4/6/2020 0:00,0.0114,0.01359,0.0114,0.01351,973640935.7
4/7/2020 0:00,0.01349,0.01396,0.01266,0.01294,945981292.6
4/8/2020 0:00,0.01293,0.01392,0.01275,0.01373,579952971.2
4/9/2020 0:00,0.01376,0.01404,0.01296,0.0135,473745175.7
4/10/2020 0:00,0.01349,0.01351,0.01146,0.012,573374715.3
4/11/2020 0:00,0.012,0.01262,0.01181,0.01223,361896064.5
4/12/2020 0:00,0.01223,0.01294,0.01185,0.01222,327218268.2
4/13/2020 0:00,0.01219,0.01225,0.0115,0.01199,358807189.1
4/14/2020 0:00,0.01199,0.01249,0.01172,0.01208,234080134.9
4/15/2020 0:00,0.0121,0.01227,0.01159,0.01164,160419299.1
4/16/2020 0:00,0.01163,0.01283,0.01124,0.0126,312664214
4/17/2020 0:00,0.01262,0.01305,0.01242,0.01274,214711136.3
4/18/2020 0:00,0.01272,0.01352,0.01266,0.01338,242036306.2
4/19/2020 0:00,0.01338,0.0138,0.01273,0.01287,303467372.3
4/20/2020 0:00,0.01289,0.01333,0.01175,0.01201,369477142.8
4/21/2020 0:00,0.012,0.01229,0.01164,0.01198,253992768.4
4/22/2020 0:00,0.01198,0.0128,0.01193,0.01277,186297144.8
4/23/2020 0:00,0.01278,0.01497,0.01245,0.01428,637233223.6
4/24/2020 0:00,0.01431,0.01576,0.01429,0.01468,658211884.8
4/25/2020 0:00,0.01468,0.0155,0.01433,0.01505,327689366.1
4/26/2020 0:00,0.01504,0.0161,0.01495,0.01563,384349987.3
4/27/2020 0:00,0.01562,0.01598,0.01476,0.01544,339737737.9
4/28/2020 0:00,0.01543,0.0158,0.01494,0.01571,240524707.5
4/29/2020 0:00,0.01566,0.01689,0.01548,0.01642,595281459.3
4/30/2020 0:00,0.01644,0.01663,0.01513,0.01543,582148930.2
5/1/2020 0:00,0.01541,0.01636,0.0154,0.01585,244563885.9
5/2/2020 0:00,0.01585,0.01721,0.01575,0.01691,317889542
5/3/2020 0:00,0.01694,0.01806,0.01648,0.01711,550034677.5
5/4/2020 0:00,0.01711,0.01747,0.01562,0.01697,521561645.3
5/5/2020 0:00,0.01697,0.01718,0.01627,0.01696,237462928.8
5/6/2020 0:00,0.01696,0.01817,0.0167,0.01704,412067567.8
5/7/2020 0:00,0.01706,0.01788,0.01671,0.0174,405555320.1
5/8/2020 0:00,0.0174,0.01851,0.01707,0.0179,361056114.3
5/9/2020 0:00,0.01792,0.01842,0.01718,0.01722,289308076.4
5/10/2020 0:00,0.01722,0.01725,0.01353,0.01533,833850313.2
5/11/2020 0:00,0.01532,0.01555,0.01375,0.01501,582927586.1
5/12/2020 0:00,0.01501,0.01823,0.01484,0.01727,752399546.3
5/13/2020 0:00,0.01727,0.02041,0.01712,0.0203,906004405.5
5/14/2020 0:00,0.02031,0.02164,0.01931,0.02014,1092428973
5/15/2020 0:00,0.02014,0.02084,0.01877,0.01919,602955851.7
5/16/2020 0:00,0.0192,0.02095,0.0186,0.01998,564466821.4
5/17/2020 0:00,0.01998,0.02092,0.0199,0.02025,300632626.1
5/18/2020 0:00,0.02026,0.02121,0.02015,0.02064,334258713.1
5/19/2020 0:00,0.02065,0.02297,0.02017,0.02226,681899073.7
5/20/2020 0:00,0.02227,0.02242,0.0195,0.02084,657775245.7
5/21/2020 0:00,0.02082,0.02098,0.0182,0.01919,723993570.7
5/22/2020 0:00,0.01926,0.02104,0.0189,0.02039,441542448.1
5/23/2020 0:00,0.02039,0.02072,0.01964,0.02006,298427388.4
5/24/2020 0:00,0.02006,0.02173,0.01922,0.01927,597153540.5
5/25/2020 0:00,0.01924,0.02163,0.01905,0.02132,457281327.3
5/26/2020 0:00,0.02132,0.02689,0.02114,0.02582,1251730829
5/27/2020 0:00,0.02582,0.02649,0.02362,0.0244,1230182337
5/28/2020 0:00,0.02441,0.02668,0.02382,0.02518,701990008.8
5/29/2020 0:00,0.02519,0.02695,0.02476,0.02588,605050160
5/30/2020 0:00,0.02589,0.02589,0.023,0.02412,694494451
5/31/2020 0:00,0.02413,0.02491,0.01953,0.02048,1227741822
6/1/2020 0:00,0.02049,0.0227,0.02027,0.02178,888397657.3
6/2/2020 0:00,0.02178,0.02254,0.0197,0.02081,747702529.9
6/3/2020 0:00,0.0208,0.02192,0.02025,0.02164,385143570.6
6/4/2020 0:00,0.02164,0.02216,0.02061,0.02172,455347855.9
6/5/2020 0:00,0.0217,0.02195,0.01982,0.02061,365558469.8
6/6/2020 0:00,0.02062,0.02092,0.02013,0.02067,249854271.5
6/7/2020 0:00,0.02065,0.02076,0.01952,0.02031,312933693.5
6/8/2020 0:00,0.02032,0.02072,0.02,0.02032,164298887.3
6/9/2020 0:00,0.02032,0.02045,0.02002,0.02015,135621427.5
6/10/2020 0:00,0.02015,0.02189,0.02012,0.02129,520031923.7
6/11/2020 0:00,0.02128,0.02196,0.01925,0.01962,452116049
6/12/2020 0:00,0.01965,0.02057,0.0195,0.02047,201256801.9
6/13/2020 0:00,0.02047,0.02076,0.02031,0.02066,156752862.9
6/14/2020 0:00,0.02066,0.0214,0.02024,0.02056,292442091
6/15/2020 0:00,0.02057,0.0206,0.01877,0.0204,354470772.9
6/16/2020 0:00,0.0204,0.02084,0.01989,0.0206,192027676.9
6/17/2020 0:00,0.02061,0.0214,0.01998,0.02073,262324436.1
6/18/2020 0:00,0.02072,0.02077,0.02003,0.02041,164829825
6/19/2020 0:00,0.02041,0.02081,0.01985,0.02027,179079796.9
6/20/2020 0:00,0.02026,0.02269,0.0202,0.02259,488381253
6/21/2020 0:00,0.0226,0.023,0.02122,0.02137,454445118.7
6/22/2020 0:00,0.02137,0.02248,0.02122,0.02221,323361504.3
6/23/2020 0:00,0.02225,0.02298,0.0217,0.02261,247829918
6/24/2020 0:00,0.02263,0.02274,0.02138,0.02239,278347442.4
6/25/2020 0:00,0.02236,0.0224,0.02123,0.02157,191290746
6/26/2020 0:00,0.02157,0.02198,0.02055,0.02081,250968688.1
6/27/2020 0:00,0.02083,0.02123,0.01875,0.01935,269363575.3
6/28/2020 0:00,0.01934,0.02036,0.01775,0.02003,275098376.4
6/29/2020 0:00,0.02004,0.02039,0.01851,0.01963,330509492.2
6/30/2020 0:00,0.01964,0.01975,0.01878,0.01895,132552405.9
7/1/2020 0:00,0.01897,0.01965,0.01852,0.01869,291569399.7
7/2/2020 0:00,0.01869,0.01942,0.01803,0.01886,220666054.7
7/3/2020 0:00,0.01884,0.01962,0.01866,0.01923,188402192.9
7/4/2020 0:00,0.01921,0.0196,0.01896,0.01955,104237593
7/5/2020 0:00,0.01954,0.01966,0.01863,0.01908,159233813.8
7/6/2020 0:00,0.01907,0.02009,0.01889,0.01992,176411438.4
7/7/2020 0:00,0.01994,0.0205,0.01956,0.0201,216122657.2
7/8/2020 0:00,0.0201,0.02184,0.01988,0.02164,389290494.9
7/9/2020 0:00,0.02164,0.0217,0.01968,0.02064,338793127.1
7/10/2020 0:00,0.02061,0.0215,0.02007,0.02115,228318652.3
7/11/2020 0:00,0.02114,0.02168,0.02056,0.02135,213658130.1
7/12/2020 0:00,0.02136,0.02159,0.02031,0.02122,196072225.3
7/13/2020 0:00,0.0212,0.02385,0.02109,0.02235,609404804.4
7/14/2020 0:00,0.02237,0.02258,0.02103,0.02238,349608220.9
7/15/2020 0:00,0.02239,0.02378,0.02214,0.02223,380121161.8
7/16/2020 0:00,0.02223,0.02311,0.01995,0.02091,411946143.8
7/17/2020 0:00,0.02089,0.02183,0.02067,0.02114,207724935.3
7/18/2020 0:00,0.02114,0.02159,0.02071,0.02144,137162396.7
7/19/2020 0:00,0.02148,0.0216,0.02075,0.02126,173168616.4
7/20/2020 0:00,0.02127,0.02289,0.021,0.0216,457884394.4
7/21/2020 0:00,0.02158,0.022,0.02081,0.02128,296716399.6
7/22/2020 0:00,0.02127,0.0217,0.02092,0.02122,208972028
7/23/2020 0:00,0.02123,0.0216,0.021,0.0211,167518796.6
7/24/2020 0:00,0.02111,0.02136,0.01979,0.02062,221182636.8
7/25/2020 0:00,0.02062,0.02134,0.0206,0.02091,173498374
7/26/2020 0:00,0.0209,0.02139,0.0205,0.02072,211731573
7/27/2020 0:00,0.02069,0.02094,0.01775,0.01995,519533336.4
7/28/2020 0:00,0.01993,0.02111,0.0191,0.02047,376915637.6
7/29/2020 0:00,0.02047,0.02098,0.02007,0.02034,231435870.5
7/30/2020 0:00,0.02032,0.02109,0.02008,0.02041,184204493.9
7/31/2020 0:00,0.02043,0.02067,0.02009,0.02025,155344313.2
8/1/2020 0:00,0.02028,0.02145,0.02002,0.02109,244980078.7
8/2/2020 0:00,0.02108,0.02142,0.01964,0.02002,289771797.9
8/3/2020 0:00,0.02005,0.02093,0.0199,0.02043,168916459.6
8/4/2020 0:00,0.02042,0.02087,0.02031,0.02067,171278632.6
8/5/2020 0:00,0.02069,0.02198,0.02051,0.0213,330387235.2
8/6/2020 0:00,0.02131,0.02228,0.02116,0.02176,299217278.5
8/7/2020 0:00,0.02174,0.02233,0.02057,0.02135,238236832.3
8/8/2020 0:00,0.02132,0.02294,0.02124,0.02287,364680394.3
8/9/2020 0:00,0.02287,0.02378,0.02225,0.02268,414812921.8
8/10/2020 0:00,0.02265,0.02459,0.02168,0.02449,510540932.4
8/11/2020 0:00,0.02452,0.02625,0.0219,0.02303,757209302.6
8/12/2020 0:00,0.02303,0.02598,0.0226,0.02528,445060870.5
8/13/2020 0:00,0.02528,0.02868,0.0239,0.02715,932062475.1
8/14/2020 0:00,0.02715,0.02877,0.02634,0.0282,445361814
8/15/2020 0:00,0.02819,0.03238,0.027,0.03005,845662759.5
8/16/2020 0:00,0.03009,0.031,0.02829,0.03014,421130913.6
8/17/2020 0:00,0.03013,0.032,0.02772,0.02874,549737321
8/18/2020 0:00,0.02874,0.02963,0.02508,0.02674,422395533.2
8/19/2020 0:00,0.0268,0.02737,0.0237,0.02479,520059072.1
8/20/2020 0:00,0.02482,0.02691,0.02462,0.02667,319034088.2
8/21/2020 0:00,0.02668,0.02888,0.02471,0.02477,497453588
8/22/2020 0:00,0.02478,0.02645,0.02332,0.02615,292614464.7
8/23/2020 0:00,0.02609,0.02616,0.0248,0.0253,128034627.7
8/24/2020 0:00,0.02531,0.02839,0.02491,0.02794,332898380.7
8/25/2020 0:00,0.02794,0.02816,0.02486,0.0257,296675831.5
8/26/2020 0:00,0.0257,0.02771,0.02549,0.02739,295374451.9
8/27/2020 0:00,0.02736,0.02764,0.0249,0.02579,232519474.1
8/28/2020 0:00,0.02578,0.02727,0.02539,0.02684,132684520.6
8/29/2020 0:00,0.02688,0.02865,0.0265,0.02753,258086426.9
8/30/2020 0:00,0.02753,0.02872,0.02706,0.02718,202581383.6
8/31/2020 0:00,0.02715,0.02753,0.02611,0.02652,174415747.3
9/1/2020 0:00,0.02659,0.02695,0.02528,0.02548,244409079.5
9/2/2020 0:00,0.02547,0.02597,0.02145,0.02343,356767683.7
9/3/2020 0:00,0.02345,0.02372,0.018,0.01908,361589222.2
9/4/2020 0:00,0.01909,0.01997,0.01741,0.01924,371667507
9/5/2020 0:00,0.01926,0.02006,0.01695,0.01797,288347595.3
9/6/2020 0:00,0.01792,0.01911,0.01709,0.01868,174804590.9
9/7/2020 0:00,0.01871,0.01894,0.01709,0.0188,179701538.6
9/8/2020 0:00,0.01883,0.0191,0.01756,0.01821,119678364.9
9/9/2020 0:00,0.01821,0.02072,0.01788,0.02005,269499222.4
9/10/2020 0:00,0.02004,0.02151,0.0199,0.02038,196783475.1
9/11/2020 0:00,0.02038,0.02147,0.01959,0.02107,163296295.5
9/12/2020 0:00,0.02106,0.02124,0.02053,0.02098,109458906.1
9/13/2020 0:00,0.02093,0.02129,0.01902,0.01976,175791387.9
9/14/2020 0:00,0.01978,0.02039,0.0195,0.02009,121197785.8
9/15/2020 0:00,0.02009,0.0217,0.02002,0.02045,252149993.5
9/16/2020 0:00,0.02042,0.02046,0.0188,0.01981,151845951.1
9/17/2020 0:00,0.01982,0.0205,0.01937,0.02044,187000805
9/18/2020 0:00,0.02044,0.02175,0.01984,0.02103,249725460.3
9/19/2020 0:00,0.02106,0.02158,0.02051,0.02088,133122121.9
9/20/2020 0:00,0.02088,0.02262,0.02035,0.02188,243664428.5
9/21/2020 0:00,0.02188,0.0235,0.01831,0.01881,614180124.6
9/22/2020 0:00,0.01877,0.0197,0.01852,0.01959,106705778.7
9/23/2020 0:00,0.01962,0.01982,0.0174,0.01769,145051539.9
9/24/2020 0:00,0.01765,0.01904,0.01724,0.01895,173656070.3
9/25/2020 0:00,0.01895,0.01955,0.01801,0.01912,111855055.4
9/26/2020 0:00,0.01915,0.01938,0.01828,0.01883,96681807.8
9/27/2020 0:00,0.01883,0.01918,0.01803,0.01875,124269330.9
9/28/2020 0:00,0.01875,0.0205,0.01862,0.01884,305552527.9
9/29/2020 0:00,0.01889,0.02006,0.01849,0.01962,172942025.1
9/30/2020 0:00,0.01964,0.02038,0.01901,0.02014,134536691.1
10/1/2020 0:00,0.02014,0.0205,0.0182,0.01898,254178905.8
10/2/2020 0:00,0.01895,0.0191,0.01733,0.01819,139256775.8
10/3/2020 0:00,0.01821,0.01876,0.0179,0.01849,54808533.8
10/4/2020 0:00,0.01848,0.019,0.01817,0.01858,51237012.9
10/5/2020 0:00,0.01858,0.01898,0.01844,0.01884,64411509
10/6/2020 0:00,0.01885,0.01887,0.01688,0.01716,132541888.5
10/7/2020 0:00,0.01709,0.01755,0.01645,0.01695,132167288.8
10/8/2020 0:00,0.01695,0.01695,0.0154,0.01662,250575783.6
10/9/2020 0:00,0.01663,0.01752,0.01617,0.01705,197117415.1
10/10/2020 0:00,0.01705,0.01779,0.0169,0.0172,161214334.4
10/11/2020 0:00,0.01721,0.01808,0.01714,0.0178,99892086.6
10/12/2020 0:00,0.0178,0.0189,0.01768,0.01785,140536795.6
10/13/2020 0:00,0.01782,0.01796,0.01737,0.01768,93756704.2
10/14/2020 0:00,0.01767,0.01799,0.01703,0.01712,81381987.9
10/15/2020 0:00,0.01714,0.01747,0.01653,0.01718,74064902.3
10/16/2020 0:00,0.01717,0.01717,0.01597,0.01622,91864069.1
10/17/2020 0:00,0.01623,0.01678,0.01599,0.01673,37541012.4
10/18/2020 0:00,0.01671,0.01705,0.01646,0.01688,52315466
10/19/2020 0:00,0.01689,0.01691,0.0161,0.01624,81910102.3
10/20/2020 0:00,0.01624,0.01637,0.01532,0.01559,118488495.4
10/21/2020 0:00,0.01559,0.01681,0.01553,0.01633,148083204.9
10/22/2020 0:00,0.01632,0.0179,0.0161,0.01735,286657325.4
10/23/2020 0:00,0.01734,0.01752,0.01643,0.01701,113145694.9
10/24/2020 0:00,0.01704,0.01774,0.0168,0.01767,80069438.2
10/25/2020 0:00,0.01766,0.01794,0.01713,0.01727,104352845.1
10/26/2020 0:00,0.01727,0.01774,0.01609,0.01652,155351572.3
10/27/2020 0:00,0.01653,0.01664,0.01558,0.01582,242409601.2
10/28/2020 0:00,0.01582,0.01613,0.01482,0.01506,175890100.6
10/29/2020 0:00,0.01503,0.01539,0.01364,0.01383,185857309.1
10/30/2020 0:00,0.01383,0.0141,0.01291,0.01385,258312006.6
10/31/2020 0:00,0.01382,0.01423,0.01359,0.01374,86813966.7
11/1/2020 0:00,0.01371,0.01433,0.01355,0.01414,81436167.3
11/2/2020 0:00,0.01415,0.01445,0.01332,0.01368,107737148.8
11/3/2020 0:00,0.01369,0.01374,0.01255,0.01273,184271596.5
11/4/2020 0:00,0.01273,0.01275,0.01169,0.01222,226866873.3
11/5/2020 0:00,0.01223,0.01367,0.01209,0.01343,262910612.9
11/6/2020 0:00,0.01342,0.0159,0.01336,0.01548,434281102
11/7/2020 0:00,0.01547,0.01715,0.01381,0.01436,473974536.1
11/8/2020 0:00,0.01438,0.01625,0.01412,0.0157,189324317
11/9/2020 0:00,0.0157,0.01676,0.01529,0.01559,242471214.9
11/10/2020 0:00,0.01559,0.01752,0.01539,0.01724,373471182
11/11/2020 0:00,0.01727,0.01782,0.0165,0.01654,171938335.9
11/12/2020 0:00,0.01656,0.01741,0.01559,0.01587,185475129.2
11/13/2020 0:00,0.01588,0.01719,0.01575,0.01692,125342806.5
11/14/2020 0:00,0.01691,0.01692,0.01596,0.01671,82992929.6
11/15/2020 0:00,0.01672,0.01709,0.01581,0.01641,134026685.6
11/16/2020 0:00,0.01641,0.01687,0.01621,0.01663,94821114
11/17/2020 0:00,0.01664,0.01823,0.01658,0.01766,290923790.5
11/18/2020 0:00,0.01765,0.01882,0.01621,0.01702,311174721.3
11/19/2020 0:00,0.01703,0.01813,0.01673,0.01723,201264940.8
11/20/2020 0:00,0.01724,0.01839,0.01716,0.01791,207133610.7
11/21/2020 0:00,0.01791,0.0199,0.01762,0.01989,309376921.5
11/22/2020 0:00,0.01989,0.02018,0.01791,0.01913,375951508
11/23/2020 0:00,0.01913,0.022,0.0188,0.02113,392494138.6
11/24/2020 0:00,0.02113,0.02257,0.02034,0.0216,388482407.7
11/25/2020 0:00,0.02163,0.0239,0.0202,0.02087,337565839.5
11/26/2020 0:00,0.02086,0.02153,0.01559,0.01775,575952187.9
11/27/2020 0:00,0.01771,0.01861,0.01666,0.01766,153542553.5
11/28/2020 0:00,0.01769,0.01899,0.01716,0.01872,120310834
11/29/2020 0:00,0.01872,0.01896,0.01821,0.01888,121665786.6
11/30/2020 0:00,0.01888,0.01976,0.01843,0.0196,189586178.8
12/1/2020 0:00,0.01962,0.0201,0.01756,0.01863,217341489.3
12/2/2020 0:00,0.01861,0.0195,0.01821,0.01932,104697094.9
12/3/2020 0:00,0.01931,0.02098,0.019,0.02078,200834235.9
12/4/2020 0:00,0.02079,0.02175,0.01855,0.01885,255554150.7
12/5/2020 0:00,0.01884,0.01973,0.0183,0.01968,98489699.2
12/6/2020 0:00,0.01967,0.02013,0.01891,0.01956,122151296.6
12/7/2020 0:00,0.01952,0.01958,0.01892,0.01915,63689400.7
12/8/2020 0:00,0.01916,0.01916,0.01736,0.0176,129482810.3
12/9/2020 0:00,0.01761,0.01818,0.01655,0.01808,129518712.6
12/10/2020 0:00,0.01809,0.0184,0.01722,0.0177,72450025.1
12/11/2020 0:00,0.01772,0.01799,0.01696,0.01744,88550307.9
12/12/2020 0:00,0.01744,0.0181,0.01736,0.01785,74414909.9
12/13/2020 0:00,0.01788,0.01843,0.01783,0.01817,72571353
12/14/2020 0:00,0.01816,0.0186,0.01793,0.01839,82934693.9
12/15/2020 0:00,0.01838,0.01987,0.0183,0.01945,251760172.8
12/16/2020 0:00,0.01945,0.01986,0.01872,0.0195,193156092.7
12/17/2020 0:00,0.01951,0.0198,0.01825,0.01896,318097005.4
12/18/2020 0:00,0.01896,0.0208,0.01864,0.02055,213542460.2
12/19/2020 0:00,0.02056,0.02083,0.01967,0.0199,190882341.2
12/20/2020 0:00,0.01989,0.02013,0.01871,0.01918,145723013.6
12/21/2020 0:00,0.01921,0.0198,0.01782,0.01808,160038180.6
12/22/2020 0:00,0.01809,0.01882,0.0174,0.01861,101817183.6
12/23/2020 0:00,0.01861,0.01874,0.0144,0.01522,219098696.6
12/24/2020 0:00,0.01521,0.0166,0.01468,0.01641,168625948.2
12/25/2020 0:00,0.01643,0.01715,0.01578,0.01662,163846236.1
12/26/2020 0:00,0.0166,0.01981,0.01626,0.01926,255508230
12/27/2020 0:00,0.01933,0.02068,0.01765,0.01832,359122033.9
12/28/2020 0:00,0.01833,0.01963,0.01803,0.01887,210510501.1
12/29/2020 0:00,0.01885,0.01912,0.01775,0.01845,156872095.8
12/30/2020 0:00,0.01845,0.019,0.01779,0.01808,125993421.7
12/31/2020 0:00,0.01808,0.01809,0.01685,0.01758,151281694
1/1/2021 0:00,0.01758,0.01873,0.0173,0.01777,138747556.5
1/2/2021 0:00,0.01776,0.0196,0.01715,0.01904,271358492.5
1/3/2021 0:00,0.01906,0.0207,0.01878,0.01997,285691847.8
1/4/2021 0:00,0.01997,0.02499,0.01951,0.02468,660725286.7
1/5/2021 0:00,0.02468,0.02708,0.02351,0.0244,915763524.6
1/6/2021 0:00,0.02439,0.03673,0.02385,0.03555,1814721042
1/7/2021 0:00,0.03553,0.04033,0.0299,0.03297,1144840736
1/8/2021 0:00,0.03297,0.035,0.02738,0.03159,691258052.7
1/9/2021 0:00,0.03154,0.0347,0.03052,0.03346,357758188.9
1/10/2021 0:00,0.03343,0.03449,0.02732,0.03024,555898080.6
1/11/2021 0:00,0.0302,0.03033,0.02281,0.02593,521443324.7
1/12/2021 0:00,0.02593,0.0289,0.02501,0.02609,306107664.2
1/13/2021 0:00,0.02608,0.03059,0.02467,0.02992,319369040.2
1/14/2021 0:00,0.02992,0.033,0.029,0.03286,335461457.5
1/15/2021 0:00,0.03278,0.03685,0.02912,0.03402,507871186.6
1/16/2021 0:00,0.03401,0.03637,0.03161,0.03271,404737101.8
1/17/2021 0:00,0.03269,0.0348,0.03058,0.03416,352925246
1/18/2021 0:00,0.03413,0.038,0.03333,0.03612,381138242.3
1/19/2021 0:00,0.03614,0.03624,0.03188,0.03229,342406920.5
1/20/2021 0:00,0.03234,0.0348,0.03021,0.03443,390493898.9
1/21/2021 0:00,0.03444,0.03502,0.02813,0.0286,414400685.1
1/22/2021 0:00,0.02867,0.03295,0.02635,0.03119,311314570
1/23/2021 0:00,0.03118,0.03521,0.03054,0.03403,455653448.8
1/24/2021 0:00,0.03403,0.0352,0.03215,0.0331,258100225.8
1/25/2021 0:00,0.03307,0.03685,0.03272,0.03273,333194082.4
1/26/2021 0:00,0.03278,0.04478,0.0318,0.0433,1428010610
1/27/2021 0:00,0.04335,0.04833,0.03748,0.04175,1282626953
1/28/2021 0:00,0.04175,0.04459,0.03823,0.03856,595524671.2
1/29/2021 0:00,0.03858,0.0435,0.0373,0.04016,675782317.9
1/30/2021 0:00,0.04025,0.04689,0.039,0.03999,632562406.3
1/31/2021 0:00,0.03996,0.04038,0.03598,0.03831,325374028.9
2/1/2021 0:00,0.03828,0.04138,0.0362,0.0409,348324105.6
2/2/2021 0:00,0.04092,0.04139,0.03916,0.04105,216963135.8
2/3/2021 0:00,0.04107,0.04439,0.03975,0.04382,293807439.7
2/4/2021 0:00,0.0438,0.0498,0.039,0.04737,538428959.8
2/5/2021 0:00,0.04738,0.05642,0.04571,0.05481,651052079.1
2/6/2021 0:00,0.05487,0.05572,0.04646,0.0525,490949915.7
2/7/2021 0:00,0.05255,0.069,0.04783,0.06646,750740437.7
2/8/2021 0:00,0.06645,0.08,0.06,0.07118,974652510.9
2/9/2021 0:00,0.07115,0.108,0.069,0.09864,1076998438
2/10/2021 0:00,0.09863,0.1469,0.09635,0.11585,1888825127
2/11/2021 0:00,0.11587,0.13845,0.112,0.12333,679724272.5
2/12/2021 0:00,0.12332,0.1298,0.11354,0.12071,458722829.4
2/13/2021 0:00,0.12069,0.1259,0.10476,0.1115,443818680.2
2/14/2021 0:00,0.11155,0.11597,0.09422,0.10002,435675175.3
2/15/2021 0:00,0.10055,0.11977,0.08149,0.10717,795291029.1
2/16/2021 0:00,0.10749,0.11588,0.10069,0.10899,464345137.3
2/17/2021 0:00,0.10864,0.1195,0.09529,0.11213,514912629.2
2/18/2021 0:00,0.11215,0.13395,0.11212,0.12214,582538582.7
2/19/2021 0:00,0.12237,0.16539,0.1172,0.15327,747308914.1
2/20/2021 0:00,0.15339,0.201,0.13,0.14443,1518699826
2/21/2021 0:00,0.14402,0.18471,0.13879,0.16231,788793761.8
2/22/2021 0:00,0.16233,0.16757,0.11996,0.15217,794306581.2
2/23/2021 0:00,0.15214,0.15296,0.099,0.13672,872448639.9
2/24/2021 0:00,0.13673,0.17151,0.12724,0.1602,760692851.5
2/25/2021 0:00,0.16021,0.2218,0.15858,0.17564,1277626457
2/26/2021 0:00,0.17564,0.20337,0.15942,0.19036,1129911803
2/27/2021 0:00,0.19067,0.23171,0.18833,0.1971,988975732.9
2/28/2021 0:00,0.19717,0.23399,0.1716,0.2329,1048606178
3/1/2021 0:00,0.23291,0.25402,0.21607,0.2501,923912729.7
3/2/2021 0:00,0.24928,0.2505,0.21026,0.23264,498124592.5
3/3/2021 0:00,0.23227,0.238,0.21846,0.22302,331005470.7
3/4/2021 0:00,0.22278,0.23625,0.19251,0.19877,400721256
3/5/2021 0:00,0.19884,0.224,0.18288,0.21233,395489429.1
3/6/2021 0:00,0.21236,0.22919,0.20526,0.21215,223410617.2
3/7/2021 0:00,0.21229,0.22249,0.20707,0.21235,159554655.2
3/8/2021 0:00,0.21209,0.22148,0.20472,0.21746,182254757.4
3/9/2021 0:00,0.21747,0.308,0.21544,0.299,899319214.8
3/10/2021 0:00,0.29921,0.3405,0.28,0.28678,859362194.3
3/11/2021 0:00,0.28671,0.54344,0.27912,0.40884,1398092193
3/12/2021 0:00,0.40916,0.505,0.39591,0.41354,1098461834
3/13/2021 0:00,0.41356,0.47,0.41057,0.42474,539596767.1
3/14/2021 0:00,0.42526,0.44049,0.37486,0.38043,381854830.2
3/15/2021 0:00,0.38041,0.43098,0.37823,0.3911,412939725.4
3/16/2021 0:00,0.39101,0.396,0.34452,0.37275,311878310.7
3/17/2021 0:00,0.37275,0.42676,0.37141,0.40081,418128933.4
3/18/2021 0:00,0.40132,0.43701,0.385,0.38919,221617738.5
3/19/2021 0:00,0.38919,0.4235,0.375,0.40991,177038122.9
3/20/2021 0:00,0.40992,0.42,0.38263,0.38276,148386219.5
3/21/2021 0:00,0.38276,0.4095,0.36402,0.38016,152444599.4
3/22/2021 0:00,0.38044,0.38422,0.321,0.34594,152178072.5
3/23/2021 0:00,0.34594,0.36456,0.32557,0.32987,146387420.6
3/24/2021 0:00,0.32977,0.37883,0.30136,0.32213,268467295.7
3/25/2021 0:00,0.32151,0.33769,0.29743,0.30078,193177201.1
3/26/2021 0:00,0.3004,0.34168,0.30017,0.33668,166637476.1
3/27/2021 0:00,0.3361,0.35676,0.331,0.33195,159556262.8
3/28/2021 0:00,0.33195,0.35561,0.32837,0.34624,163937153.1
3/29/2021 0:00,0.34591,0.42396,0.33719,0.38456,395274991
3/30/2021 0:00,0.38445,0.38869,0.36023,0.37122,178760273.1
3/31/2021 0:00,0.37118,0.38267,0.33637,0.35995,205426687.5
4/1/2021 0:00,0.36039,0.38,0.35205,0.36343,144495789.5
4/2/2021 0:00,0.36302,0.39545,0.35717,0.38249,190017129.9
4/3/2021 0:00,0.38274,0.3986,0.34976,0.35134,177150608.5
4/4/2021 0:00,0.35158,0.37216,0.34359,0.36072,112252653.5
4/5/2021 0:00,0.36085,0.37094,0.34784,0.37011,151891139.4
4/6/2021 0:00,0.37006,0.38979,0.36039,0.37426,223782074.9
4/7/2021 0:00,0.3743,0.37609,0.30871,0.33755,226550572.8
4/8/2021 0:00,0.33754,0.361,0.33558,0.3559,119886556.4
4/9/2021 0:00,0.35576,0.3836,0.34968,0.36713,134530015.2
4/10/2021 0:00,0.36713,0.37567,0.34751,0.35775,115544460.3
4/11/2021 0:00,0.35775,0.37,0.35,0.3692,84046681.9
4/12/2021 0:00,0.36939,0.373,0.34952,0.35732,89960763.5
4/13/2021 0:00,0.35733,0.424,0.35722,0.42281,438845709
4/14/2021 0:00,0.42281,0.44972,0.36925,0.41376,327156476.6
4/15/2021 0:00,0.41381,0.459,0.40093,0.43962,296099371.1
4/16/2021 0:00,0.44,0.46738,0.40725,0.43532,260226545
4/17/2021 0:00,0.4349,0.43906,0.39914,0.40185,144189818.4
4/18/2021 0:00,0.40224,0.40609,0.26055,0.36329,292296111.5
4/19/2021 0:00,0.36328,0.38686,0.32452,0.3254,168553438
4/20/2021 0:00,0.32564,0.35166,0.2963,0.34227,171372502.2
4/21/2021 0:00,0.34226,0.38287,0.32767,0.35664,183698864.1
4/22/2021 0:00,0.35702,0.42159,0.3434,0.34929,534467505.2
4/23/2021 0:00,0.34929,0.4,0.29501,0.3815,354781884.5
4/24/2021 0:00,0.38151,0.39115,0.33717,0.35421,148419267.3
4/25/2021 0:00,0.35421,0.405,0.344,0.38426,226117229
4/26/2021 0:00,0.38435,0.57554,0.37871,0.53696,1095815368
4/27/2021 0:00,0.53654,0.849,0.53429,0.8284,1169955529
4/28/2021 0:00,0.8284,0.8972,0.674,0.777,1837511228
4/29/2021 0:00,0.77708,0.93,0.74182,0.89196,1177393781
4/30/2021 0:00,0.89191,0.94707,0.78128,0.82066,799217157.7
5/1/2021 0:00,0.82044,0.84,0.769,0.78531,392955117.3
5/2/2021 0:00,0.78531,0.82795,0.74,0.82132,312057554.6
5/3/2021 0:00,0.82208,0.87,0.77638,0.79482,300583192.7
5/4/2021 0:00,0.79469,0.79891,0.6872,0.70375,305417946.1
5/5/2021 0:00,0.70343,0.83655,0.7005,0.80978,313079558.6
5/6/2021 0:00,0.80977,0.814,0.72166,0.76126,192688668.2
5/7/2021 0:00,0.76126,0.81004,0.73022,0.75002,199810386.9
5/8/2021 0:00,0.75017,0.84988,0.73003,0.84888,251853040.2
5/9/2021 0:00,0.84888,1.05798,0.78762,0.96945,1049416756
5/10/2021 0:00,0.96966,1.00709,0.77142,0.8747,431120037.3
5/11/2021 0:00,0.87522,1.09,0.8,1.06343,493680497
5/12/2021 0:00,1.06373,1.22855,1,1.05098,743670529.2
5/13/2021 0:00,1.04911,1.18462,0.95,1.05366,576024615.3
5/14/2021 0:00,1.05352,1.51716,1.04242,1.47376,721329895.7
5/15/2021 0:00,1.47357,1.89,1.46509,1.59501,1050153449
5/16/2021 0:00,1.59501,1.833,1.46,1.72443,578181529.5
5/17/2021 0:00,1.72424,1.788,1.48,1.72678,569061849.6
5/18/2021 0:00,1.72899,2.7,1.705,2.44124,1185132478
5/19/2021 0:00,2.44124,2.64718,1.03447,1.61982,1984362819
5/20/2021 0:00,1.62,2.19999,1.33,1.83289,1123879997
5/21/2021 0:00,1.82785,1.97,1.19222,1.4835,925730809.1
5/22/2021 0:00,1.48351,1.62,1.12521,1.1907,772835088.6
5/23/2021 0:00,1.19293,1.25777,0.74503,1.0731,1361857121
5/24/2021 0:00,1.07306,1.98152,1.06163,1.74861,2248051319
5/25/2021 0:00,1.7473,1.948,1.511,1.93463,1411469800
5/26/2021 0:00,1.93365,2.43832,1.83352,2.20646,1479019507
5/27/2021 0:00,2.20664,2.26826,1.85605,2.03704,1042765237
5/28/2021 0:00,2.03874,2.061,1.6633,1.81759,1169728147
5/29/2021 0:00,1.81705,1.90715,1.51495,1.69553,855389320.8
5/30/2021 0:00,1.69563,1.9721,1.54815,1.86437,915474203.3
5/31/2021 0:00,1.86425,1.93565,1.744,1.87126,678672722.8
6/1/2021 0:00,1.87147,1.9852,1.7614,1.82485,490146867.5
6/2/2021 0:00,1.82492,1.89,1.7496,1.7996,363997932.6
6/3/2021 0:00,1.79913,1.885,1.761,1.82434,311112075.6
6/4/2021 0:00,1.82434,1.825,1.55009,1.63024,533838609.6
6/5/2021 0:00,1.63126,1.697,1.44138,1.52665,335352372.9
6/6/2021 0:00,1.52723,1.59126,1.5109,1.58189,218352782.3
6/7/2021 0:00,1.58158,1.728,1.456,1.48478,450188736.9
6/8/2021 0:00,1.48529,1.52408,1.27644,1.47931,627472738.4
6/9/2021 0:00,1.47934,1.53379,1.35222,1.49033,452418224.8
6/10/2021 0:00,1.49032,1.4999,1.35222,1.36286,274048314.8
6/11/2021 0:00,1.36259,1.38304,1.23,1.2507,246762987
6/12/2021 0:00,1.2502,1.39878,1.16,1.33727,426962681.6
6/13/2021 0:00,1.33717,1.4935,1.31132,1.46641,390005058.6
6/14/2021 0:00,1.46641,1.6,1.41349,1.54737,372135319.2
6/15/2021 0:00,1.54793,1.71,1.533,1.62868,504587100.8
6/16/2021 0:00,1.62787,1.63989,1.44764,1.4786,356518743.6
6/17/2021 0:00,1.47892,1.55824,1.45331,1.50324,265325604.4
6/18/2021 0:00,1.50324,1.514,1.30302,1.38,320044401.6
6/19/2021 0:00,1.37972,1.43257,1.34835,1.35812,231250441
6/20/2021 0:00,1.35858,1.43821,1.28055,1.39814,258404841.6
6/21/2021 0:00,1.39858,1.41083,1.08266,1.09807,477073488
6/22/2021 0:00,1.09802,1.23821,0.928,1.07596,871420354
6/23/2021 0:00,1.07503,1.25,1.0271,1.17646,436699313.8
6/24/2021 0:00,1.17707,1.24,1.1341,1.20227,263877652
6/25/2021 0:00,1.20241,1.2345,1.0368,1.03904,308460097.3
6/26/2021 0:00,1.03981,1.1037,1.00531,1.07699,236630568.2
6/27/2021 0:00,1.07699,1.11438,1.03411,1.11376,210798965.7
6/28/2021 0:00,1.11408,1.16518,1.08637,1.12095,218281146.4
6/29/2021 0:00,1.12095,1.24985,1.115,1.17193,284862170.4
6/30/2021 0:00,1.17223,1.18157,1.07933,1.16878,217466755
7/1/2021 0:00,1.16874,1.16941,1.05987,1.07275,151549036
7/2/2021 0:00,1.07275,1.10984,1.04264,1.10263,126537636.7
7/3/2021 0:00,1.10201,1.1465,1.0793,1.11802,118486894.7
7/4/2021 0:00,1.11819,1.17947,1.09466,1.14733,132086411.3
7/5/2021 0:00,1.14769,1.14999,1.08,1.10063,126985673.8
7/6/2021 0:00,1.10051,1.1648,1.1,1.13028,139315705.9
7/7/2021 0:00,1.13028,1.17756,1.12503,1.128,153052469.5
7/8/2021 0:00,1.12801,1.13287,1.0164,1.04172,147649631.4
7/9/2021 0:00,1.04142,1.0695,1.00265,1.052,111501986.4
7/10/2021 0:00,1.05151,1.07165,1.01905,1.0302,77935874.2
7/11/2021 0:00,1.03009,1.05989,1.0202,1.04231,57655857.3
7/12/2021 0:00,1.04324,1.0495,0.96198,0.99456,115406267.9
7/13/2021 0:00,0.99486,0.99573,0.93666,0.94572,104117684.5
7/14/2021 0:00,0.94589,0.96594,0.86824,0.92959,157306893.1
7/15/2021 0:00,0.92939,0.94568,0.85725,0.87913,116311869.3
7/16/2021 0:00,0.87896,0.89741,0.81,0.81149,122539550.4
7/17/2021 0:00,0.81164,0.82219,0.7829,0.80126,128200443.6
7/18/2021 0:00,0.80124,0.85998,0.789,0.7937,116539208.3
7/19/2021 0:00,0.79337,0.8,0.72836,0.73285,120374943.1
7/20/2021 0:00,0.73322,0.7385,0.621,0.68892,370871474.8
7/21/2021 0:00,0.68901,0.945,0.66838,0.88833,713823532.4
7/22/2021 0:00,0.88886,0.93333,0.84266,0.88062,424463228.6
7/23/2021 0:00,0.88044,0.95771,0.85917,0.94856,310882779.9
7/24/2021 0:00,0.94858,0.98676,0.91023,0.94834,239737503.7
7/25/2021 0:00,0.94795,0.9649,0.8859,0.9391,178160974
7/26/2021 0:00,0.9391,1.13499,0.93057,1.01403,606612371
7/27/2021 0:00,1.01413,1.06346,0.93775,1.04,349544062.7
7/28/2021 0:00,1.04059,1.0586,0.9911,1.01803,200269460.6
7/29/2021 0:00,1.01803,1.04341,0.98915,1.02794,114617282.3
7/30/2021 0:00,1.02787,1.07133,0.99496,1.06595,176127462.8
7/31/2021 0:00,1.06612,1.1,1.02445,1.08246,149055600.3
8/1/2021 0:00,1.08248,1.135,1.04118,1.04943,217134999.5
8/2/2021 0:00,1.04963,1.07994,1.02,1.0454,134379932.5
8/3/2021 0:00,1.04553,1.06,1.005,1.02249,109219073.2
8/4/2021 0:00,1.02249,1.07096,1.00844,1.05387,112676829.2
8/5/2021 0:00,1.05341,1.07453,1.011,1.06558,138199453
8/6/2021 0:00,1.06561,1.09797,1.03515,1.08093,119365962.6
8/7/2021 0:00,1.08096,1.19662,1.06858,1.16618,276589477.7
8/8/2021 0:00,1.16647,1.1796,1.06844,1.08129,165071670
8/9/2021 0:00,1.08142,1.15861,1.03802,1.12629,171591288.4
8/10/2021 0:00,1.12626,1.17888,1.10852,1.15611,198586008.1
8/11/2021 0:00,1.15642,1.42709,1.15256,1.37115,489110484.5
8/12/2021 0:00,1.37148,1.47929,1.25,1.32175,367785059.4
8/13/2021 0:00,1.32168,1.51597,1.31454,1.51075,293333695.2
8/14/2021 0:00,1.511,1.51249,1.40301,1.4416,206977533.2
8/15/2021 0:00,1.44134,1.486,1.36739,1.46666,165026629.9
8/16/2021 0:00,1.46666,1.56,1.4135,1.41963,250983686.7
8/17/2021 0:00,1.41924,1.533,1.33,1.34998,248378838.6
8/18/2021 0:00,1.34998,1.40949,1.27189,1.33364,207837866.4
8/19/2021 0:00,1.33419,1.4707,1.3004,1.47056,167895431.9
8/20/2021 0:00,1.47055,1.56893,1.45067,1.54956,232074045.3
8/21/2021 0:00,1.54942,1.7,1.51182,1.58324,260862252
8/22/2021 0:00,1.583,1.6686,1.55557,1.62299,163992144
8/23/2021 0:00,1.62299,1.64,1.618,1.63096,3131066.4
